Player Name,Team,Position,Year,GP,GS,MIN,PTS,FGM,FGA,FG%,3PM,3PA,3P%,FTM,FTA,FT%,REB,OREB,AST,STL,BLK,PF,TO,+/-,DD,TD,POTG,PER,TS%,EFG%
Jon Rahm,Atlanta Talons,G,13,31,31,14.2,10.8,4.2,6.9,60.3,1.9,2.7,69.0,0.6,0.6,100,1.5,0.4,7.8,0.6,0.4,0.4,0.8,2.6,5,0,2,47.6,75.3,73.8
Jalen King,Atlanta Talons,G,9,31,23,14.2,8.7,3.5,8.0,44.2,1.0,2.7,36.5,0.6,0.7,95.2,2.6,0.5,8.5,0.9,0.5,0.3,0.6,1.4,6,0,3,41.4,52.5,50.4
William Harris,Atlanta Talons,GF,5,31,31,14.8,14.9,6.5,10.4,63.2,1.1,2.6,42.5,0.7,0.8,88.0,2.8,0.5,0.2,0.5,0.3,0.4,0.5,2.7,0,0,2,38.3,69.6,68.5
Caleb White,Atlanta Talons,F,7,31,31,18.2,18.5,8.8,12.1,72.5,0.3,0.9,31.0,0.6,1.0,62.5,6.8,1.4,2.6,0.9,1.5,0.5,0.7,3.0,4,0,8,51.8,73.6,73.7
Horace Allen,Atlanta Talons,C,8,31,31,14.9,9.1,4.3,7.2,59.5,0.3,0.8,33.3,0.3,0.5,62.5,5.5,0.9,2.8,0.6,1.1,0.4,0.5,2.6,1,0,0,35.0,61.6,61.3
Deâ€™Aaron Jackson,Atlanta Talons,F,8,31,8,11.0,12.1,5.2,9.1,57.1,1.1,2.4,46.7,0.6,0.6,100,2.1,0.3,0.2,0.3,0.2,0.5,0.7,1.1,0,0,0,36.8,64.7,63.3
Ron Mathews,Atlanta Talons,F,4,31,0,6.9,4.0,1.8,3.6,49.6,0.1,0.8,16.7,0.2,0.5,46.7,3.0,0.8,2.5,0.3,0.3,0.1,0.3,0.3,0,0,0,36.9,51.4,51.3
Bart Jett,Atlanta Talons,C,9,31,0,9.2,4.8,2.2,5.0,43.2,0.2,1.1,17.6,0.3,0.5,60.0,3.2,0.6,0.9,0.2,0.9,0.2,0.2,-0.2,0,0,0,24.0,46.1,45.2
Brandon Heath,Atlanta Talons,G,1,23,0,2.3,1.7,0.7,1.4,53.1,0.1,0.3,25.0,0.2,0.2,80.0,0.2,0.0,0.1,0.1,0.2,0.0,0.1,0.9,0,0,0,27.9,58.5,56.3
Ben Olsen,Atlanta Talons,GF,R,31,0,2.9,1.5,0.7,1.3,52.5,0.1,0.4,25.0,0.1,0.1,100,0.4,0.0,0.5,0.1,0.0,0.2,0.2,-1.0,0,0,0,20.9,57.5,56.3
Ross Harrington,Atlanta Talons,G,R,31,0,10.9,6.7,2.8,4.9,57.5,0.6,1.6,37.3,0.4,0.5,75.0,1.5,0.2,0.6,0.7,0.3,0.4,0.5,-1.2,0,0,0,25.3,64.7,63.7
Stefan Hofer,Atlanta Talons,PG,R,23,0,2.4,0.7,0.3,0.7,40.0,0.1,0.3,37.5,0.0,0.0,100,0.4,0.0,0.0,0.2,0.0,0.0,0.0,0.3,0,0,0,14.4,51.8,50.0
Dwight Green,Atlanta Talons,GF,1,0,0,0.0,0.0,0.0,0.0,-,0.0,0.0,-,0.0,0.0,-,0.0,0.0,0.0,0.0,0.0,0.0,0.0,0.0,0,0,0,0.0,0.0,0.0
Jack Harper,Atlanta Talons,GF,2,0,0,0.0,0.0,0.0,0.0,-,0.0,0.0,-,0.0,0.0,-,0.0,0.0,0.0,0.0,0.0,0.0,0.0,0.0,0,0,0,0.0,0.0,0.0
Ernest Hill,Atlanta Talons,SG,2,0,0,0.0,0.0,0.0,0.0,-,0.0,0.0,-,0.0,0.0,-,0.0,0.0,0.0,0.0,0.0,0.0,0.0,0.0,0,0,0,0.0,0.0,0.0
Carl Joseph,Boston Charms,PG,13,31,31,15.7,17.3,7.0,9.7,71.9,2.8,3.6,76.8,0.5,0.5,100,3.6,0.6,8.7,1.1,0.9,0.5,0.9,8.3,10,0,7,68.3,86.7,86.1
Jordan Covington,Boston Charms,G,10,31,31,20.2,29.6,12.6,18.0,70.1,3.2,5.2,61.1,1.2,1.2,100,2.2,0.6,0.3,0.7,0.5,0.6,1.4,6.1,0,0,20,55.6,79.9,78.9
Jalen Hensley,Boston Charms,F,5,31,31,14.5,10.5,4.5,8.0,56.3,0.8,2.1,39.1,0.7,0.8,88.0,4.0,0.9,5.5,0.5,0.6,0.3,1.0,3.9,3,0,2,40.1,63.0,61.3
Chris Washington,Boston Charms,FC,4,31,21,11.6,7.5,3.6,6.2,58.9,0.1,0.6,10.5,0.1,0.4,36.4,4.1,0.6,1.9,0.1,1.0,0.3,0.4,4.2,0,0,0,32.8,58.9,59.4
Elijah Rose,Boston Charms,C,10,31,17,12.2,8.3,3.5,7.2,48.2,0.7,2.1,35.4,0.6,0.8,73.1,3.6,0.6,0.5,0.3,0.5,0.2,0.5,4.7,0,0,0,24.7,54.8,53.4
W.R Asher,Boston Charms,F,10,31,23,11.6,6.8,2.8,5.6,49.1,0.8,1.7,45.3,0.5,0.5,93.3,3.9,0.6,0.6,0.6,0.5,0.5,0.3,3.6,0,0,0,26.3,57.8,56.0
Tanner Ross,Boston Charms,FC,2,31,1,10.4,4.8,2.3,4.3,54.1,0.1,0.3,22.2,0.1,0.3,33.3,2.9,0.5,0.6,0.5,0.5,0.3,0.3,1.4,0,0,0,21.9,54.4,54.9
Hawk Rosario,Boston Charms,G,11,31,0,12.2,7.4,2.9,5.7,50.8,0.9,1.9,48.3,0.6,0.6,100,2.8,0.5,2.0,0.6,0.7,0.3,0.4,0.5,0,0,0,30.8,61.5,59.0
Pres Manu,Boston Charms,F,10,31,0,10.6,5.0,2.0,4.1,48.8,0.7,1.6,42.9,0.3,0.3,100,2.8,0.3,0.9,0.3,0.6,0.3,0.4,4.4,0,0,0,21.9,58.8,57.1
Hazan Allen,Boston Charms,C,11,9,0,2.0,1.9,0.9,1.2,72.7,0.1,0.2,50.0,0.0,0.0,-,0.9,0.1,0.2,0.1,0.1,0.1,0.0,-0.6,0,0,0,49.9,77.3,77.3
Edgar Waters,Boston Charms,SF,2,0,0,0.0,0.0,0.0,0.0,-,0.0,0.0,-,0.0,0.0,-,0.0,0.0,0.0,0.0,0.0,0.0,0.0,0.0,0,0,0,0.0,0.0,0.0
Curtis Little,Boston Charms,F,R,12,0,1.8,0.2,0.1,0.3,25.0,0.0,0.2,0.0,0.0,0.0,-,0.4,0.1,0.1,0.0,0.3,0.2,0.2,0.8,0,0,0,5.4,25.0,25.0
Edgar Hamilton,Boston Charms,C,2,0,0,0.0,0.0,0.0,0.0,-,0.0,0.0,-,0.0,0.0,-,0.0,0.0,0.0,0.0,0.0,0.0,0.0,0.0,0,0,0,0.0,0.0,0.0
Xavier Edwards II,Brooklyn Ballers,G,5,31,31,15.2,16.2,6.9,11.3,61.3,1.4,3.4,39.6,1.0,1.1,97.0,4.5,0.5,3.3,1.0,1.6,0.7,1.2,1.8,0,0,7,51.0,69.0,67.3
Lamar Rose,Brooklyn Ballers,G,7,31,31,14.2,10.4,4.4,8.4,52.3,0.8,2.3,36.6,0.7,0.9,79.3,3.1,0.4,7.2,0.7,0.5,0.6,0.8,1.7,4,0,3,42.4,58.8,57.3
Jakorian Pittman,Brooklyn Ballers,GF,4,31,31,14.2,15.5,6.5,10.5,61.7,1.6,3.2,52.0,0.9,0.9,100,3.5,0.8,1.3,0.7,1.1,0.3,0.7,1.6,0,0,5,48.0,71.3,69.6
Jeffrey Carr,Brooklyn Ballers,F,13,31,31,13.3,9.0,4.1,8.2,49.8,0.3,1.5,17.4,0.5,0.5,94.1,3.9,0.8,2.1,0.7,1.2,0.5,0.4,2.5,0,0,0,32.5,53.0,51.4
Julius Newton,Brooklyn Ballers,C,6,26,26,14.0,7.0,3.2,6.4,50.3,0.1,0.6,20.0,0.4,0.7,61.1,5.4,0.9,3.1,0.8,1.2,0.4,0.3,1.7,1,0,0,31.8,52.0,51.2
Dustin Kelly,Brooklyn Ballers,GF,5,31,0,9.3,8.7,3.6,6.9,52.6,0.6,1.9,34.5,0.7,0.8,92.0,2.2,0.6,2.3,0.3,0.3,0.5,0.5,-3.5,0,0,0,39.6,59.5,57.2
Leonard Davenport,Brooklyn Ballers,G,8,31,0,8.8,7.3,3.0,6.2,48.2,0.8,1.9,41.4,0.5,0.6,75.0,2.7,0.6,1.6,0.3,0.2,0.2,0.5,-4.7,0,0,0,33.4,55.7,54.4
Christopher Morgan,Brooklyn Ballers,C,13,15,5,11.1,5.6,2.5,4.9,51.4,0.1,0.7,18.2,0.4,0.7,54.5,5.3,1.2,3.1,0.5,0.5,0.5,0.5,-3.4,0,0,0,33.0,53.3,52.7
Arnold Norman,Brooklyn Ballers,F,10,31,0,10.4,5.5,2.4,6.1,38.4,0.5,1.6,29.4,0.3,0.5,60.0,3.4,0.7,0.6,0.5,0.7,0.2,0.5,-5.1,0,0,0,19.7,43.2,42.4
Romain Parker Jr.,Brooklyn Ballers,F,10,24,2,9.9,8.6,3.8,7.4,50.6,0.8,1.9,40.0,0.4,0.5,81.8,1.5,0.3,0.0,0.5,0.5,0.3,0.6,-3.1,0,0,0,27.7,56.6,55.6
Andrew Chambers,Brooklyn Ballers,FC,R,27,0,8.7,2.4,1.0,3.9,24.8,0.2,0.5,35.7,0.3,0.5,61.5,3.5,0.6,1.0,0.2,0.6,0.3,0.1,-4.0,0,0,0,13.0,29.4,27.1
Harvey Glover,Brooklyn Ballers,G,1,9,0,2.4,1.6,0.7,1.3,50.0,0.0,0.2,0.0,0.2,0.2,100,0.4,0.0,0.3,0.1,0.0,0.1,0.0,-2.7,0,0,0,26.5,54.3,50.0
Joe Robbins,Brooklyn Ballers,G,1,9,0,1.9,1.7,0.8,1.6,50.0,0.1,0.4,25.0,0.0,0.0,-,0.1,0.0,0.6,0.1,0.0,0.0,0.2,-2.7,0,0,0,30.4,53.6,53.6
Darnell Knight,Charlotte Stingers,PG,3,31,31,11.9,8.6,3.7,6.8,54.7,0.9,2.1,41.5,0.3,0.5,57.1,2.3,0.4,7.9,0.5,0.3,0.4,0.4,6.5,2,0,4,49.2,61.2,61.1
Landon Curry,Charlotte Stingers,G,7,31,31,16.1,20.5,9.1,12.3,73.6,1.9,3.1,60.4,0.5,0.5,100,2.3,0.5,0.5,0.6,0.4,0.5,0.9,8.0,0,0,21,51.2,81.7,81.2
Jared Stephens,Charlotte Stingers,GF,6,31,27,11.6,9.9,4.3,7.6,56.2,1.2,2.3,51.4,0.2,0.2,100,2.0,0.1,0.1,0.4,0.4,0.3,0.5,4.7,0,0,0,30.4,64.4,63.8
Joe Maxwell,Charlotte Stingers,FC,6,31,31,14.1,9.8,4.5,7.5,59.0,0.5,1.3,35.0,0.5,0.8,53.8,4.8,0.6,3.2,0.7,1.1,0.4,0.5,7.6,0,0,4,38.1,61.9,62.0
Brandon Cooper,Charlotte Stingers,C,5,31,31,14.1,10.3,5.0,6.5,76.8,0.1,0.4,16.7,0.2,0.4,45.5,7.0,0.9,1.8,0.5,1.9,0.4,0.5,7.6,4,0,5,45.3,76.7,77.3
Ted Washington,Charlotte Stingers,SF,4,31,4,12.0,10.2,4.2,7.3,57.5,1.1,1.9,56.7,0.7,0.7,100,3.0,0.7,2.3,0.3,0.5,0.2,0.4,5.7,0,0,1,40.0,67.0,65.0
Quinley Dickerson,Charlotte Stingers,GF,4,31,0,10.7,7.8,3.4,6.2,54.2,0.7,1.7,38.9,0.4,0.4,100,2.5,0.4,0.4,0.6,0.7,0.4,0.5,4.6,0,0,1,30.2,61.2,59.6
Nicholas Ward,Charlotte Stingers,FC,6,31,0,9.2,4.8,2.3,4.7,49.3,0.1,0.5,18.8,0.1,0.2,50.0,3.9,1.0,1.0,0.6,0.5,0.4,0.1,2.3,0,0,0,28.8,50.5,50.3
Stanley Lowe,Charlotte Stingers,PG,6,22,0,11.1,7.0,2.9,6.7,43.2,0.9,2.5,36.4,0.3,0.5,60.0,2.5,0.6,2.9,1.0,0.2,0.3,0.5,3.6,0,0,1,30.3,50.5,50.0
Adam Roberts,Charlotte Stingers,F,14,31,0,9.2,4.8,2.2,4.9,45.4,0.2,0.9,17.2,0.2,0.3,87.5,2.5,0.6,0.1,0.5,0.4,0.2,0.2,2.3,0,0,0,20.8,48.2,47.0
Randall Armstrong,Charlotte Stingers,FC,R,12,0,1.8,0.8,0.4,0.6,71.4,0.0,0.0,-,0.0,0.0,-,1.0,0.2,0.5,0.0,0.1,0.1,0.0,2.1,0,0,0,37.1,71.4,71.4
Antonio Gordon,Charlotte Stingers,G,1,9,0,6.3,2.4,1.1,3.3,33.3,0.2,0.6,40.0,0.0,0.0,-,0.8,0.6,2.8,0.2,0.0,0.2,0.4,0.1,0,0,0,20.0,36.7,36.7
John Norman,Charlotte Stingers,FC,R,12,0,1.8,0.8,0.4,0.7,62.5,0.0,0.0,-,0.0,0.0,-,0.3,0.1,0.5,0.0,0.0,0.1,0.1,2.1,0,0,0,23.8,62.5,62.5
Steven Williamson,Charlotte Stingers,SG,2,0,0,0.0,0.0,0.0,0.0,-,0.0,0.0,-,0.0,0.0,-,0.0,0.0,0.0,0.0,0.0,0.0,0.0,0.0,0,0,0,0.0,0.0,0.0
Todd Tucker,Charlotte Stingers,PG,1,0,0,0.0,0.0,0.0,0.0,-,0.0,0.0,-,0.0,0.0,-,0.0,0.0,0.0,0.0,0.0,0.0,0.0,0.0,0,0,0,0.0,0.0,0.0
Michael Morrow,Chicago Blues,G,6,31,31,12.6,7.0,3.0,6.0,50.5,0.5,1.5,34.8,0.4,0.5,86.7,2.2,0.9,5.8,0.7,0.2,0.3,0.6,0.7,0,0,0,35.8,56.3,54.8
Adrian Burnett,Chicago Blues,G,R,9,0,1.1,0.2,0.1,0.3,33.3,0.0,0.1,0.0,0.0,0.0,-,0.1,0.1,0.6,0.0,0.0,0.0,0.0,-0.6,0,0,0,21.8,33.3,33.3
Leo Perkins,Chicago Blues,F,R,31,0,9.6,2.8,1.2,3.7,33.3,0.2,1.0,20.0,0.1,0.4,36.4,2.2,0.4,0.9,0.2,0.3,0.2,0.4,-3.5,0,0,0,9.5,36.2,36.0
Samuel James,Chicago Blues,F,10,31,31,15.4,15.7,6.6,11.2,59.4,1.5,3.1,50.5,0.8,0.8,100,4.2,0.9,1.0,0.4,0.6,0.4,0.8,2.2,0,0,7,40.6,67.8,66.3
Robin Gibbs,Chicago Blues,FC,1,9,0,1.1,0.2,0.1,0.6,20.0,0.0,0.0,-,0.0,0.0,-,0.4,0.2,0.0,0.0,0.1,0.0,0.1,-0.6,0,0,0,2.2,20.0,20.0
Renn Alex,Chicago Blues,G,9,31,0,11.4,6.0,2.4,5.5,42.7,0.6,1.7,36.5,0.6,0.6,100,3.2,0.7,4.7,0.8,0.6,0.3,0.7,-2.1,0,0,0,34.7,51.4,48.2
Bobby Brown,Chicago Blues,C,9,31,0,9.3,9.1,4.3,6.3,67.9,0.3,0.8,38.5,0.2,0.6,36.8,3.4,0.7,0.0,0.2,0.4,0.2,0.4,-3.0,0,0,0,41.1,69.2,70.4
Benji Phillips,Chicago Blues,G,12,31,0,9.3,8.4,3.6,6.4,57.4,0.8,1.8,44.6,0.3,0.3,100,1.7,0.3,0.5,0.2,0.3,0.4,0.5,-3.0,0,0,0,31.8,64.6,63.7
James Ridge,Chicago Blues,F,9,31,0,9.3,5.9,2.6,5.5,47.4,0.5,1.4,34.9,0.2,0.2,100,2.7,0.6,1.1,0.4,0.4,0.3,0.4,-3.1,0,0,0,26.9,52.7,51.8
Emmius One,Chicago Blues,G,9,31,31,14.4,11.6,4.7,8.2,57.6,1.5,2.8,55.8,0.6,0.6,100,2.9,0.5,6.0,1.1,0.5,0.3,0.7,1.8,1,0,4,46.7,68.5,67.1
Nick Obrien,Chicago Blues,PF,4,31,31,13.7,6.4,2.9,6.4,45.7,0.2,0.9,24.1,0.3,0.4,83.3,4.6,0.6,1.1,1.0,1.0,0.5,0.6,1.5,0,0,1,23.1,48.7,47.5
Mathew Adams,Chicago Blues,FC,5,31,31,14.4,15.1,7.1,10.7,65.8,0.6,1.8,33.9,0.4,0.7,50.0,3.9,0.8,0.8,0.6,0.6,0.3,0.4,1.8,1,0,5,44.4,68.3,68.6
Bill Bryan,Chicago Blues,G,3,0,0,0.0,0.0,0.0,0.0,-,0.0,0.0,-,0.0,0.0,-,0.0,0.0,0.0,0.0,0.0,0.0,0.0,0.0,0,0,0,0.0,0.0,0.0
Clyde Holmes,Chicago Blues,FC,2,0,0,0.0,0.0,0.0,0.0,-,0.0,0.0,-,0.0,0.0,-,0.0,0.0,0.0,0.0,0.0,0.0,0.0,0.0,0,0,0,0.0,0.0,0.0
Alfred Cole,Chicago Blues,FC,1,0,0,0.0,0.0,0.0,0.0,-,0.0,0.0,-,0.0,0.0,-,0.0,0.0,0.0,0.0,0.0,0.0,0.0,0.0,0,0,0,0.0,0.0,0.0
Rlo Joe,Cleveland Gladiators,G,7,25,15,12.6,13.0,5.4,8.8,60.6,1.7,2.7,63.2,0.6,0.6,100,2.2,0.4,0.8,0.4,0.6,0.4,0.5,1.7,0,0,2,41.6,71.6,70.4
Eddie Ford,Cleveland Gladiators,G,6,31,31,13.7,11.3,4.7,8.7,54.1,1.2,2.5,49.4,0.7,0.9,75.0,2.6,0.5,4.6,1.1,0.3,0.4,0.7,-3.9,0,0,5,42.0,62.2,61.1
Kobie Hunt,Cleveland Gladiators,GF,5,31,31,16.2,18.7,7.9,12.5,63.0,2.2,4.0,54.8,0.7,0.7,100,3.5,0.8,1.3,0.6,0.8,0.2,1.0,-1.9,0,0,4,47.4,72.8,71.7
TJ Marshall,Cleveland Gladiators,F,9,31,31,11.8,7.7,3.0,6.9,43.7,1.2,2.6,43.9,0.6,0.6,94.7,2.9,0.5,0.8,0.3,0.7,0.5,0.5,-2.3,1,0,1,23.8,54.2,52.1
Tylan Greene,Cleveland Gladiators,C,5,31,31,12.4,6.8,3.4,5.6,60.0,0.0,0.3,0.0,0.1,0.4,18.2,4.4,1.1,2.5,0.6,1.1,0.4,0.2,-0.9,0,0,0,35.3,58.9,60.0
Zay Kyten,Cleveland Gladiators,G,9,31,16,13.9,8.6,3.4,8.1,42.0,1.2,2.7,44.0,0.6,0.6,100,2.3,0.5,7.6,0.6,0.5,0.5,0.8,-4.1,0,0,0,36.7,51.6,49.4
Alain Leroy,Cleveland Gladiators,GF,5,31,0,11.3,7.4,3.4,6.6,51.5,0.4,1.5,25.5,0.2,0.3,75.0,3.9,0.8,1.6,0.1,0.5,0.4,0.4,-1.3,0,0,0,29.2,54.9,54.4
John Dean,Cleveland Gladiators,F,6,30,0,12.8,6.2,2.7,6.5,41.0,0.6,1.9,29.8,0.3,0.8,43.5,4.7,1.2,2.8,0.5,0.8,0.5,0.6,-1.7,0,0,0,25.8,45.6,45.4
Dale Whitaker,Cleveland Gladiators,C,R,31,0,8.7,4.5,2.1,3.5,59.3,0.2,0.4,53.8,0.1,0.3,50.0,3.1,0.7,1.0,0.1,0.4,0.2,0.1,-2.8,0,0,0,27.6,62.3,62.5
Doug Hamonic,Cleveland Gladiators,SG,1,27,0,6.0,4.4,1.8,3.5,51.1,0.5,1.3,40.0,0.4,0.4,100,0.5,0.2,0.0,0.1,0.2,0.3,0.4,-1.1,0,0,0,22.1,61.0,58.5
Tannar Merrin,Cleveland Gladiators,PG,2,9,0,2.4,0.7,0.3,0.9,37.5,0.0,0.1,0.0,0.0,0.0,-,0.1,0.0,1.2,0.0,0.1,0.1,0.0,-0.2,0,0,0,22.3,37.5,37.5
Eugene Floyd,Cleveland Gladiators,FC,14,17,0,5.2,1.6,0.6,1.5,44.0,0.0,0.1,0.0,0.3,0.5,62.5,1.4,0.2,0.1,0.1,0.4,0.0,0.1,-0.4,0,0,0,14.3,47.3,44.0
Bobby Henry,Cleveland Gladiators,FC,1,3,0,2.3,0.7,0.3,0.3,100,0.0,0.0,-,0.0,0.0,-,1.0,0.0,0.0,0.0,0.3,0.0,0.3,2.3,0,0,0,16.9,100.0,100.0
Damon Parrish,Cleveland Gladiators,FC,R,1,0,1.9,0.0,0.0,1.0,0.0,0.0,0.0,-,0.0,0.0,-,0.0,0.0,0.0,0.0,0.0,0.0,0.0,-9.0,0,0,0,-21.2,0.0,0.0
Chris Goulet,Dallas Knights,PG,4,31,31,11.3,8.6,3.7,7.5,50.2,0.5,2.0,24.6,0.6,0.7,95.2,2.1,0.7,3.2,0.7,0.4,0.4,0.6,-7.2,0,0,1,35.2,55.6,53.5
Kevin Tyler,Dallas Knights,G,3,31,29,11.9,9.8,4.5,8.3,53.5,0.7,2.7,24.7,0.2,0.3,77.8,3.1,0.5,2.4,0.9,0.6,0.4,0.7,-7.1,0,0,0,37.1,58.0,57.6
Zaire Jackson,Dallas Knights,F,5,31,31,13.5,12.1,5.3,9.5,56.1,0.6,1.8,33.9,0.8,0.8,96.2,3.9,0.8,1.7,0.5,0.8,0.5,0.6,-6.4,0,0,2,37.7,61.2,59.4
Dennis Ali,Dallas Knights,F,6,31,31,15.3,9.1,3.9,9.1,43.4,0.5,2.4,20.5,0.7,0.7,95.7,5.3,1.2,1.5,1.0,1.1,0.5,0.9,-7.7,1,0,1,25.5,48.3,46.1
Rick Sullivan,Dallas Knights,FC,4,31,22,11.5,6.0,2.7,6.4,42.2,0.2,0.8,24.0,0.4,0.6,68.4,4.9,1.1,3.1,0.5,0.6,0.3,0.5,-6.0,1,0,1,29.7,45.1,43.7
Jackie Roy,Dallas Knights,PF,12,31,0,13.0,9.7,4.5,9.2,48.3,0.3,1.4,20.5,0.5,1.1,48.5,5.6,1.8,2.8,0.5,0.7,0.5,0.5,-7.2,1,0,0,35.8,50.1,49.8
Jeremiah Poole,Dallas Knights,GF,9,31,2,14.7,12.3,5.4,9.8,54.4,0.5,1.5,33.3,1.1,1.2,94.4,3.4,0.6,0.3,0.8,0.5,0.5,0.9,-6.8,0,0,1,29.8,59.5,57.0
Corey Horn,Dallas Knights,PG,13,31,0,12.1,7.1,3.0,7.1,42.3,0.5,2.0,27.0,0.5,0.5,100,2.9,0.8,4.2,1.0,0.5,0.4,0.6,-4.9,0,0,0,32.2,48.2,46.1
Dami Lee Pittman Jr.,Dallas Knights,C,10,26,9,12.1,8.1,3.2,7.6,42.6,1.2,3.2,37.3,0.4,0.4,100,3.3,0.9,2.7,0.3,0.2,0.3,0.6,-7.2,0,0,0,27.9,52.0,50.5
Timothy Hunt,Dallas Knights,PF,6,31,0,2.1,1.2,0.5,1.0,54.8,0.0,0.2,0.0,0.1,0.2,60.0,0.8,0.3,0.7,0.0,0.1,0.1,0.0,0.0,0,0,0,38.2,55.7,54.8
Steven Henry,Dallas Knights,FC,1,13,0,5.6,3.8,1.8,4.1,45.3,0.1,0.4,20.0,0.0,0.0,-,1.5,0.7,0.5,0.0,0.2,0.1,0.1,1.0,0,0,0,23.3,46.2,46.2
Ted Steele,Dallas Knights,GF,R,31,0,1.9,1.8,0.6,1.3,50.0,0.3,0.6,47.4,0.3,0.3,100,0.3,0.0,0.0,0.1,0.0,0.0,0.1,0.2,0,0,0,31.8,65.5,61.3
Lincoln Huberdeau,Dallas Knights,F,R,13,0,1.1,0.9,0.5,0.7,66.7,0.0,0.2,0.0,0.0,0.0,-,0.2,0.1,0.0,0.0,0.0,0.2,0.1,0.0,0,0,0,26.9,66.7,66.7
Tyler Jenkins,Dallas Knights,G,1,0,0,0.0,0.0,0.0,0.0,-,0.0,0.0,-,0.0,0.0,-,0.0,0.0,0.0,0.0,0.0,0.0,0.0,0.0,0,0,0,0.0,0.0,0.0
Terrance Ward,Denver Miners,PG,1,31,0,11.0,4.4,2.1,5.3,39.3,0.1,0.6,16.7,0.2,0.3,50.0,2.4,0.7,6.2,0.5,0.4,0.4,0.6,-6.9,1,0,0,30.4,40.6,40.2
Fredrick Ryan,Denver Miners,GF,4,31,16,14.0,7.9,3.4,7.2,47.3,0.5,2.1,26.2,0.5,0.5,100,3.6,0.8,2.4,0.6,1.1,0.4,0.5,-6.5,0,0,0,28.2,52.9,51.1
James Blair,Denver Miners,GF,3,25,0,3.5,1.1,0.5,1.6,32.5,0.1,0.3,28.6,0.0,0.0,-,0.4,0.2,0.1,0.0,0.0,0.0,0.2,-2.8,0,0,0,3.6,35.0,35.0
Daniel Harris,Denver Miners,PF,R,27,0,6.0,2.4,1.1,2.8,39.5,0.0,0.3,11.1,0.2,0.3,71.4,1.4,0.3,0.2,0.1,0.3,0.1,0.3,-4.0,0,0,0,11.8,41.7,40.1
Claude Robert,Denver Miners,FC,3,27,10,13.5,10.3,4.8,8.4,57.5,0.3,1.0,28.6,0.4,0.9,43.5,4.6,1.0,1.0,0.3,0.7,0.3,0.4,-3.6,0,0,1,32.9,58.9,59.3
Felix Welch,Denver Miners,PF,4,31,27,12.3,6.6,3.1,6.3,49.5,0.1,0.5,12.5,0.4,0.5,68.8,4.5,1.1,2.7,0.5,0.6,0.4,0.4,-5.2,0,0,1,30.3,51.0,50.0
Bobo Bones,Denver Miners,C,12,31,16,10.1,8.2,3.4,6.8,50.2,0.9,2.3,40.8,0.4,0.5,92.9,3.7,0.8,0.5,0.2,0.3,0.4,0.4,-3.7,0,0,1,31.1,58.5,57.1
Floyd Martin,Denver Miners,C,4,19,9,11.6,5.4,2.4,5.7,42.6,0.2,1.3,12.5,0.4,0.6,72.7,3.4,0.4,1.4,0.3,1.0,0.6,0.5,-6.7,0,0,0,20.2,45.6,44.0
Kyle Marshall,Denver Miners,G,5,31,31,13.7,15.0,6.2,9.7,64.1,1.7,3.0,57.4,0.8,0.8,100,2.4,0.5,2.3,0.7,0.5,0.5,0.8,-1.3,0,0,5,47.8,74.5,73.1
Marvin Blake,Denver Miners,PG,13,31,27,12.0,10.9,4.7,8.2,57.1,0.8,2.0,41.9,0.7,0.7,100,2.1,0.2,3.6,0.7,0.4,0.6,0.7,-3.4,0,0,1,42.2,64.2,62.2
Tashaun Phillips,Denver Miners,GF,4,31,19,14.2,9.2,3.9,8.0,48.2,0.7,2.4,30.7,0.7,0.7,100,3.1,0.2,0.7,0.7,0.6,0.6,0.6,-6.8,0,0,1,23.7,55.0,52.8
Fawkes Bacon,Denver Miners,SF,R,26,0,6.9,4.3,1.7,4.1,42.5,0.6,1.4,40.5,0.3,0.3,87.5,1.0,0.1,0.0,0.2,0.1,0.1,0.3,-2.3,0,0,0,16.0,51.1,49.5
Roland Yates,Denver Miners,F,1,2,0,1.2,0.0,0.0,0.0,-,0.0,0.0,-,0.0,0.0,-,1.0,0.0,0.0,0.0,0.5,0.0,0.0,-0.5,0,0,0,28.0,0.0,0.0
Martin Jimenez,Denver Miners,F,17,1,0,0.8,0.0,0.0,0.0,-,0.0,0.0,-,0.0,0.0,-,0.0,0.0,0.0,0.0,0.0,0.0,0.0,0.0,0,0,0,0.0,0.0,0.0
Marshall Cole,Denver Miners,FC,2,0,0,0.0,0.0,0.0,0.0,-,0.0,0.0,-,0.0,0.0,-,0.0,0.0,0.0,0.0,0.0,0.0,0.0,0.0,0,0,0,0.0,0.0,0.0
Sham Morant,Detroit Drift,G,9,31,31,15.4,21.9,9.1,11.9,75.9,2.2,3.2,67.0,1.6,1.6,100,3.2,0.6,0.8,0.5,0.5,0.5,1.1,2.0,1,0,10,59.7,86.6,85.0
Kyle Hart,Detroit Drift,G,6,31,31,13.0,8.6,3.8,6.9,55.6,0.5,1.7,28.3,0.5,0.6,70.0,2.1,0.1,0.5,0.7,0.4,0.5,0.7,2.2,0,0,0,23.9,59.9,59.1
Christian Dupont,Detroit Drift,F,13,31,31,14.7,7.2,3.3,6.9,47.9,0.4,1.4,31.0,0.2,0.3,87.5,5.4,0.6,2.1,0.5,0.9,0.3,0.5,2.0,0,0,1,25.2,51.7,50.9
Jackson Baker,Detroit Drift,PF,5,31,31,16.1,11.8,5.3,9.2,57.3,0.7,1.8,39.3,0.5,0.5,88.2,4.8,1.1,5.4,0.8,0.7,0.3,0.7,1.5,1,1,7,42.0,62.2,61.2
Russell Becker,Detroit Drift,C,10,31,31,13.6,6.6,3.2,6.9,46.3,0.2,1.5,10.9,0.1,0.2,40.0,3.8,0.9,3.6,0.2,0.8,0.4,0.5,1.8,0,0,1,26.0,47.4,47.4
Lloyd Lane,Detroit Drift,F,5,31,0,8.1,5.3,2.5,4.6,53.5,0.3,0.9,27.6,0.1,0.4,36.4,3.5,1.0,0.8,0.2,0.5,0.2,0.3,1.8,0,0,0,32.4,55.8,56.3
Bruce Holmes,Detroit Drift,F,4,31,0,9.1,7.2,3.3,5.7,57.6,0.3,1.0,32.3,0.3,0.3,100,2.4,0.5,0.9,0.5,0.4,0.3,0.6,1.9,0,0,0,32.4,61.5,60.5
Ricky Holland,Detroit Drift,C,3,31,0,10.1,6.4,3.0,5.7,53.1,0.1,0.6,22.2,0.2,0.4,50.0,4.3,0.7,1.3,0.4,0.9,0.3,0.3,1.7,0,0,0,32.1,54.3,54.2
Dale Boyd,Detroit Drift,G,1,31,0,8.8,4.8,2.2,4.7,46.9,0.4,1.2,28.9,0.0,0.2,20.0,1.5,0.5,4.2,0.4,0.2,0.3,0.7,1.2,0,0,0,31.1,50.3,50.7
Warren Cunningham,Detroit Drift,G,3,31,0,10.6,6.5,2.8,5.9,47.8,0.7,1.6,44.9,0.2,0.3,50.0,2.0,0.2,1.0,0.6,0.2,0.4,0.5,1.9,0,0,0,22.6,53.9,53.8
Ryan Marsh,Detroit Drift,PF,R,2,0,1.3,0.0,0.0,1.0,0.0,0.0,0.5,0.0,0.0,0.0,-,0.0,0.0,0.5,0.0,0.0,0.0,0.0,-3.0,0,0,0,-17.1,0.0,0.0
George Davidson,Detroit Drift,PG,R,6,0,1.6,0.7,0.3,1.0,33.3,0.0,0.3,0.0,0.0,0.0,-,0.2,0.0,0.2,0.2,0.0,0.2,0.3,-2.2,0,0,0,-0.7,33.3,33.3
Larry Poole,Detroit Drift,C,R,6,0,1.7,0.3,0.2,0.5,33.3,0.0,0.0,-,0.0,0.0,-,0.7,0.2,0.0,0.0,0.2,0.0,0.0,-0.2,0,0,0,12.7,33.3,33.3
Sam Lyons,Detroit Drift,F,2,0,0,0.0,0.0,0.0,0.0,-,0.0,0.0,-,0.0,0.0,-,0.0,0.0,0.0,0.0,0.0,0.0,0.0,0.0,0,0,0,0.0,0.0,0.0
Troy Keller,Detroit Drift,G,3,2,0,1.7,0.0,0.0,0.0,-,0.0,0.0,-,0.0,0.0,-,0.0,0.0,0.0,0.5,0.0,0.0,0.0,3.0,0,0,0,16.0,0.0,0.0
Justyn Reaves,Houston Cosmos,G,10,31,28,12.8,6.1,2.4,6.1,38.6,0.7,1.9,38.3,0.6,0.6,100,3.3,0.8,5.1,1.2,0.4,0.4,0.6,-3.3,0,0,0,31.6,47.6,44.7
Jack Harmon,Houston Cosmos,G,5,31,31,14.7,12.7,5.2,10.3,50.8,1.4,3.1,45.8,0.8,1.3,66.7,2.3,0.5,4.1,1.0,0.3,0.5,1.0,-4.5,0,0,3,37.4,58.6,57.7
Louis Glenn,Houston Cosmos,GF,8,31,28,12.7,9.0,3.5,7.4,47.8,0.9,2.5,36.8,1.0,1.1,88.2,3.9,0.5,4.0,0.7,0.4,0.3,0.5,-4.5,1,0,3,37.7,56.7,53.9
Jayson Zhang,Houston Cosmos,F,10,31,16,13.4,10.9,4.4,8.7,50.7,1.4,3.1,45.3,0.7,0.7,100,3.4,0.8,0.7,0.3,0.7,0.3,0.6,-1.6,0,0,2,31.2,60.6,58.7
Sean Franklin,Houston Cosmos,FC,4,31,19,13.2,7.7,3.6,7.2,49.8,0.2,0.7,22.7,0.4,0.6,65.0,4.7,1.2,1.5,0.5,0.9,0.3,0.4,-2.5,1,0,0,28.2,51.8,50.9
Jaime Beil,Houston Cosmos,F,4,31,21,13.6,9.9,4.4,8.4,52.5,0.2,1.4,16.3,0.9,1.0,87.1,3.8,0.7,0.7,0.5,1.2,0.3,0.5,-3.6,0,0,1,30.2,56.1,53.8
Alexander Boyer,Houston Cosmos,GF,6,19,1,12.9,5.4,2.3,5.6,41.1,0.5,1.9,24.3,0.3,0.3,100,4.2,0.8,5.3,0.8,0.7,0.3,0.5,-0.2,1,0,2,31.7,47.0,45.3
Vernon Cobb,Houston Cosmos,PF,3,30,0,8.4,4.9,2.4,4.9,49.0,0.0,0.5,6.3,0.1,0.1,100,2.0,0.6,1.0,0.2,0.4,0.2,0.4,-0.8,0,0,0,22.9,49.7,49.3
Stanley Owens,Houston Cosmos,GF,1,31,0,7.8,7.2,3.0,4.9,61.6,0.9,1.5,61.7,0.3,0.3,100,1.4,0.2,0.1,0.1,0.1,0.4,0.4,-0.6,0,0,0,33.3,72.3,71.2
Marcus San Pedro,Houston Cosmos,F,9,27,2,9.5,5.6,2.4,5.6,42.1,0.7,1.9,34.6,0.1,0.2,66.7,3.2,0.5,0.2,0.3,0.4,0.2,0.3,-2.7,0,0,0,20.0,48.5,48.0
Allan McGuire,Houston Cosmos,G,3,29,0,5.0,2.7,1.2,2.3,50.7,0.2,0.6,31.3,0.2,0.2,100,0.8,0.0,0.2,0.4,0.3,0.0,0.2,-0.2,0,0,0,23.4,56.4,54.5
David Johnston,Houston Cosmos,G,R,19,0,3.2,2.1,0.8,1.7,50.0,0.2,0.4,37.5,0.2,0.3,80.0,0.4,0.0,0.1,0.1,0.0,0.2,0.1,-3.6,0,0,0,19.2,57.0,54.7
Jakai Sabre,Houston Cosmos,SF,2,4,0,1.7,0.5,0.3,0.5,50.0,0.0,0.0,-,0.0,0.0,-,0.0,0.0,0.0,0.0,0.0,0.0,0.0,1.8,0,0,0,7.0,50.0,50.0
Charlie Cannon,Houston Cosmos,GF,R,1,0,3.6,2.0,1.0,2.0,50.0,0.0,1.0,0.0,0.0,0.0,-,0.0,0.0,0.0,0.0,0.0,1.0,0.0,-3.0,0,0,0,8.3,50.0,50.0
Clinton Powers,Houston Cosmos,SF,1,0,0,0.0,0.0,0.0,0.0,-,0.0,0.0,-,0.0,0.0,-,0.0,0.0,0.0,0.0,0.0,0.0,0.0,0.0,0,0,0,0.0,0.0,0.0
Hugh Perry,Indiana Overdrive,G,5,31,28,13.0,10.5,4.5,8.2,55.7,1.0,2.5,40.5,0.4,0.5,70.6,2.3,0.6,5.5,0.9,0.6,0.5,0.8,-2.6,1,0,1,44.4,62.6,62.1
Bojan Kos,Indiana Overdrive,G,7,31,31,14.0,9.9,4.0,8.4,47.5,1.2,2.8,43.0,0.7,0.8,92.0,3.7,0.5,6.0,1.0,0.7,0.4,0.7,-3.1,2,0,5,41.7,56.6,54.6
Koby Williams,Indiana Overdrive,F,8,29,29,14.9,10.4,4.4,9.1,48.9,0.8,2.5,30.6,0.8,0.8,100,4.8,1.0,2.1,0.6,1.1,0.3,0.7,-1.3,1,0,1,31.7,55.3,53.0
Carlton Hollis,Indiana Overdrive,F,10,28,26,13.8,11.0,4.7,8.3,56.7,1.0,2.0,50.9,0.5,0.6,82.4,3.3,0.7,0.5,0.6,0.4,0.3,0.8,-1.0,0,0,1,30.9,63.8,62.9
Charlie McKinney,Indiana Overdrive,C,4,31,19,12.2,6.2,2.9,5.2,55.6,0.1,0.3,22.2,0.4,0.5,73.3,4.5,1.4,2.0,0.3,1.1,0.6,0.4,-1.7,0,0,1,30.2,57.2,56.2
Zahir Catlett,Indiana Overdrive,G,9,31,0,13.2,13.2,5.7,9.2,62.5,0.9,2.4,38.7,0.7,0.7,100,1.9,0.3,0.4,0.4,0.4,0.5,1.1,3.5,0,0,1,34.7,69.1,67.5
Marcus Damian,Indiana Overdrive,F,12,21,5,13.0,8.5,3.8,7.3,52.3,0.2,1.1,17.4,0.7,1.2,57.7,4.4,1.1,1.3,0.7,0.7,0.2,0.5,1.3,0,0,0,30.1,54.4,53.6
Dan Glisack,Indiana Overdrive,C,11,31,12,11.8,8.1,3.9,6.6,59.0,0.2,0.8,28.0,0.1,0.2,50.0,4.8,1.0,0.1,0.2,1.0,0.3,0.5,1.3,0,0,2,30.6,60.7,60.7
RJ Irving,Indiana Overdrive,G,9,31,3,6.3,5.5,2.1,3.3,64.7,1.1,1.5,73.3,0.1,0.1,100,1.2,0.2,3.2,0.5,0.2,0.2,0.3,1.5,0,0,4,55.9,81.4,80.9
Walter Reed,Indiana Overdrive,F,4,31,2,11.7,7.2,3.0,6.3,47.4,0.5,1.8,28.6,0.7,0.7,91.3,2.5,0.5,0.1,0.3,0.6,0.4,0.4,0.5,0,0,1,21.3,54.1,51.5
Jeff Hansen,Indiana Overdrive,G,2,16,0,2.0,0.4,0.2,0.8,25.0,0.1,0.4,16.7,0.0,0.0,-,0.1,0.1,0.1,0.2,0.1,0.1,0.1,-0.1,0,0,0,4.9,29.2,29.2
Elmer Barker,Indiana Overdrive,GF,1,9,0,3.5,1.9,0.7,0.9,75.0,0.2,0.3,66.7,0.3,0.3,100,0.9,0.0,0.1,0.2,0.0,0.1,0.2,-0.9,0,0,0,25.6,91.2,87.5
Gilbert Cote,Indiana Overdrive,PG,R,8,0,2.3,1.4,0.6,1.3,50.0,0.1,0.1,100,0.0,0.1,0.0,0.0,0.0,0.9,0.3,0.0,0.4,0.0,-0.5,0,0,0,30.2,52.7,55.0
Tim Marks,Las Vegas Aces,G,4,23,6,10.4,8.0,3.3,6.2,53.1,1.0,2.4,42.9,0.3,0.4,70.0,2.4,0.3,1.0,0.8,0.9,0.3,0.5,-4.0,0,0,2,34.2,62.1,61.5
Dan Wilcox,Las Vegas Aces,G,2,31,18,12.0,9.3,3.7,8.3,45.0,1.4,3.2,43.4,0.4,0.6,63.2,2.0,0.9,4.8,0.4,0.2,0.4,0.6,-3.7,0,0,3,36.1,53.9,53.3
Joey Bullock,Las Vegas Aces,SF,3,25,24,10.9,8.4,3.8,7.1,53.1,0.7,2.0,33.3,0.2,0.2,100,3.2,0.6,0.5,0.6,0.2,0.3,0.6,-4.5,0,0,0,29.8,58.7,57.9
Tony Bass,Las Vegas Aces,FC,4,31,18,11.4,6.1,3.0,6.4,46.2,0.0,0.5,7.1,0.1,0.2,80.0,3.7,1.0,0.8,0.2,0.5,0.4,0.5,-3.6,0,0,0,19.9,47.0,46.5
Julio Blake,Las Vegas Aces,C,11,31,17,11.0,4.5,2.1,5.2,40.6,0.0,0.8,3.8,0.2,0.4,53.8,4.6,1.2,1.2,0.5,0.7,0.2,0.5,-3.8,0,0,0,21.0,41.6,40.9
Stanley Petersen,Las Vegas Aces,C,5,31,14,11.8,7.9,3.7,7.1,52.0,0.1,0.7,18.2,0.3,0.5,58.8,4.8,1.3,0.7,0.3,0.8,0.3,0.2,-5.1,1,0,2,30.4,53.4,52.9
Bennie Schroder,Las Vegas Aces,G,7,31,25,12.7,11.8,5.1,9.1,55.7,1.4,3.0,46.7,0.3,0.6,50.0,2.8,1.0,3.3,0.5,0.2,0.3,0.5,-2.9,0,0,3,43.0,63.1,63.3
Tanner Smith,Las Vegas Aces,SF,6,31,7,12.1,7.1,2.8,6.6,42.2,0.9,2.5,36.8,0.7,0.7,95.5,3.7,0.6,0.1,0.9,1.0,0.2,0.3,-0.8,1,0,0,25.6,51.7,49.0
Julian Lawson,Las Vegas Aces,G,3,31,13,9.9,6.5,2.8,6.2,44.6,0.5,2.0,27.4,0.4,0.5,85.7,1.4,0.1,0.3,0.3,0.4,0.3,0.6,-4.1,0,0,0,17.4,50.5,49.0
Casey Lowery,Las Vegas Aces,F,8,31,11,12.5,7.7,3.4,7.1,47.3,0.7,1.8,40.0,0.3,0.5,53.3,4.0,0.8,1.6,0.5,0.7,0.3,0.6,-3.6,0,0,1,26.9,52.5,52.3
Lee Kelly,Las Vegas Aces,F,4,26,0,4.1,2.2,1.0,2.5,39.1,0.1,0.3,37.5,0.2,0.2,100,1.2,0.2,0.6,0.1,0.3,0.1,0.1,-1.3,0,0,0,22.0,43.3,41.4
Cameron McCoy,Las Vegas Aces,G,1,26,0,7.8,3.7,1.7,3.4,48.9,0.2,0.9,25.0,0.1,0.2,75.0,1.8,0.0,1.0,0.4,0.5,0.3,0.4,-1.1,0,0,0,22.1,52.9,52.3
Tim Briggs,Las Vegas Aces,C,1,9,0,10.2,4.9,2.3,4.9,47.7,0.1,0.6,20.0,0.1,0.3,33.3,3.0,1.2,0.3,0.1,0.6,0.2,0.3,1.3,0,0,0,19.5,48.5,48.9
Marc Wyatt,Las Vegas Aces,F,R,4,0,2.3,1.5,0.8,2.0,37.5,0.0,1.0,0.0,0.0,0.0,-,0.3,0.0,0.3,0.3,0.0,0.0,0.0,0.3,0,0,0,18.1,37.5,37.5
Daniel Nash,Las Vegas Aces,GF,R,0,0,0.0,0.0,0.0,0.0,-,0.0,0.0,-,0.0,0.0,-,0.0,0.0,0.0,0.0,0.0,0.0,0.0,0.0,0,0,0,0.0,0.0,0.0
Brieuc Massicard,Los Angeles Stars,PG,11,31,31,14.1,12.9,5.1,9.2,55.4,1.9,3.3,58.8,0.8,0.8,100,2.6,0.6,10.2,0.8,0.5,0.5,0.6,4.2,12,0,10,59.3,67.7,66.0
Polan Stronk,Los Angeles Stars,SG,14,31,31,14.1,20.3,8.8,12.1,72.5,2.0,3.2,61.6,0.8,0.8,100,1.8,0.3,0.5,0.6,0.2,0.5,0.9,4.2,0,0,13,56.6,81.6,80.7
Tyler Price,Los Angeles Stars,F,11,26,24,11.7,5.9,2.4,5.7,42.9,0.6,1.5,38.5,0.5,0.7,72.2,3.3,0.8,3.0,0.6,1.0,0.2,0.3,3.0,0,0,0,30.0,49.7,48.0
Hanamichi Sakuragi,Los Angeles Stars,PF,16,31,31,15.1,16.5,7.8,11.0,71.0,0.4,1.5,24.4,0.5,1.1,48.6,7.3,1.8,2.5,1.0,1.1,0.4,0.9,4.2,4,0,13,56.8,71.8,72.6
Jesus James,Los Angeles Stars,FC,10,31,31,13.1,8.3,3.5,7.3,47.3,1.1,2.8,40.2,0.3,0.3,100,5.1,1.2,0.4,0.5,0.5,0.4,0.7,4.1,1,0,1,25.8,56.0,55.1
Braydon Doughty,Los Angeles Stars,PG,4,31,0,9.2,9.9,4.5,7.7,57.5,0.6,1.7,37.0,0.4,0.5,75.0,2.7,0.4,5.2,0.7,0.5,0.4,1.0,0.2,0,0,1,57.4,62.3,61.7
Nathaniel Smith,Los Angeles Stars,SG,4,31,0,9.8,8.8,3.9,6.7,57.4,0.7,1.9,39.7,0.4,0.4,100,2.3,0.3,0.0,1.0,0.6,0.2,0.5,-0.3,0,0,0,37.2,64.1,62.9
Gary Green,Los Angeles Stars,FC,2,31,0,10.9,5.8,2.7,6.4,41.9,0.2,0.7,26.1,0.3,0.5,53.3,4.4,0.9,1.5,0.5,0.7,0.2,0.5,-0.1,0,0,0,24.2,44.0,43.4
Mohamed Sharif,Los Angeles Stars,FC,R,31,0,8.2,5.1,2.5,4.1,59.4,0.1,0.3,25.0,0.2,0.3,50.0,3.4,0.8,1.0,0.2,0.7,0.1,0.2,0.2,0,0,0,34.9,60.0,60.2
Tony Shaw,Los Angeles Stars,F,13,31,7,14.2,7.9,3.2,7.0,45.6,0.6,1.8,32.7,0.9,1.0,90.3,1.9,0.4,0.1,0.8,0.8,0.4,0.6,1.5,0,0,0,19.1,52.9,49.8
Jeffery Waters,Los Angeles Stars,C,R,12,0,1.7,1.3,0.7,1.0,66.7,0.0,0.0,-,0.0,0.3,0.0,0.6,0.3,0.2,0.0,0.1,0.1,0.2,-1.0,0,0,0,32.2,60.1,66.7
Erik Hartman,Los Angeles Stars,G,1,9,0,1.8,1.0,0.4,1.6,28.6,0.1,0.8,14.3,0.0,0.0,-,0.2,0.0,1.0,0.2,0.0,0.0,0.0,-1.3,0,0,0,28.6,32.1,32.1
Johnathan Ali,Los Angeles Stars,G,1,5,0,1.4,0.0,0.0,0.4,0.0,0.0,0.4,0.0,0.0,0.0,-,0.4,0.2,0.6,0.0,0.2,0.0,0.2,0.4,0,0,0,9.2,0.0,0.0
Aaron Green,Los Angeles Stars,C,R,0,0,0.0,0.0,0.0,0.0,-,0.0,0.0,-,0.0,0.0,-,0.0,0.0,0.0,0.0,0.0,0.0,0.0,0.0,0,0,0,0.0,0.0,0.0
Shannon Cunningham,Memphis Rockers,PG,4,31,0,8.6,7.5,3.1,6.2,49.7,1.0,2.1,50.0,0.3,0.3,100,1.8,0.2,2.4,0.7,0.2,0.3,0.5,-0.3,0,0,0,39.6,59.2,58.1
Marvin Mathews,Memphis Rockers,SG,6,12,0,3.7,3.8,1.5,3.0,50.0,0.3,0.9,27.3,0.5,0.6,85.7,0.8,0.1,0.1,0.3,0.0,0.1,0.1,-0.4,0,0,0,34.9,57.6,54.2
Everett Reese,Memphis Rockers,F,6,31,31,13.8,9.1,4.3,8.2,52.6,0.3,1.2,26.3,0.2,0.3,70.0,4.1,1.0,1.6,0.4,0.9,0.4,0.5,-0.9,0,0,1,29.4,55.0,54.5
Jeremiah Shelton,Memphis Rockers,PF,9,31,31,15.9,10.7,5.1,9.5,53.4,0.2,1.0,15.6,0.3,0.6,55.6,5.9,1.5,2.7,0.7,1.2,0.5,0.9,-0.7,0,0,1,33.3,54.5,54.2
Jeffery Crawford,Memphis Rockers,FC,R,8,0,1.5,0.4,0.0,0.1,0.0,0.0,0.1,0.0,0.4,0.4,100,0.3,0.0,0.0,0.0,0.0,0.1,0.0,0.1,0,0,0,9.3,64.7,0.0
Jimmy Bowers,Memphis Rockers,F,4,31,0,8.0,5.6,2.6,5.2,49.4,0.3,0.9,34.5,0.2,0.3,50.0,3.9,0.9,1.7,0.4,0.4,0.2,0.4,-0.3,0,0,0,36.2,52.6,52.5
Rajah Rose,Memphis Rockers,G,13,28,0,9.9,11.3,4.9,7.8,62.7,0.7,1.5,46.5,0.9,0.9,100,0.7,0.1,0.0,0.4,0.4,0.4,0.5,1.0,0,0,0,40.6,69.4,67.3
Dante LaRavia,Memphis Rockers,G,3,31,31,15.3,13.2,5.5,10.3,53.9,1.5,3.6,42.0,0.6,1.0,63.3,4.1,0.5,5.7,0.5,1.2,0.5,0.9,-0.7,1,0,1,44.4,61.7,61.3
Jalen Allen,Memphis Rockers,FC,5,31,31,17.4,15.8,7.3,12.1,60.0,0.8,2.2,34.8,0.5,0.8,70.8,7.3,1.1,2.8,0.8,2.0,0.4,0.7,-0.6,7,0,11,46.0,63.7,63.2
B.J. Vandeventer,Memphis Rockers,G,11,31,31,13.6,10.5,4.1,8.2,50.6,1.6,2.8,57.0,0.6,0.6,100,2.0,0.3,6.4,0.8,0.5,0.5,0.6,-1.3,3,0,2,43.2,62.1,60.3
Sergio Kitchens,Memphis Rockers,F,8,31,0,10.2,5.4,2.4,5.5,43.0,0.4,1.4,25.0,0.2,0.4,58.3,3.1,0.7,3.5,0.6,0.5,0.3,0.6,0.3,0,0,0,30.3,46.8,46.2
Edward Arnold,Memphis Rockers,C,6,31,0,6.3,3.2,1.4,2.9,49.4,0.1,0.5,14.3,0.3,0.4,61.5,2.6,0.4,0.8,0.5,0.5,0.3,0.1,0.5,0,0,0,30.1,51.7,50.6
Marshall Ball,Memphis Rockers,PG,R,2,0,1.9,1.0,0.5,1.5,33.3,0.0,0.5,0.0,0.0,0.0,-,0.0,0.0,1.0,0.0,0.0,0.0,0.0,6.5,0,0,0,20.2,33.3,33.3
Randall Collier,Memphis Rockers,F,2,0,0,0.0,0.0,0.0,0.0,-,0.0,0.0,-,0.0,0.0,-,0.0,0.0,0.0,0.0,0.0,0.0,0.0,0.0,0,0,0,0.0,0.0,0.0
Charlie Webster,Miami Tides,G,4,28,28,13.9,11.0,4.7,9.3,50.6,0.9,2.3,39.7,0.7,0.8,90.9,2.9,0.5,3.1,1.0,0.4,0.5,0.8,0.4,1,0,2,34.6,57.1,55.4
Leonard Perry,Miami Tides,GF,5,31,31,13.7,12.9,5.4,10.0,54.4,1.2,2.8,40.9,0.9,0.9,100,2.9,0.5,0.6,0.8,0.7,0.4,0.7,-0.3,0,0,3,36.2,62.2,60.2
Isaiah Flakes,Miami Tides,F,12,31,25,14.8,9.8,4.5,8.9,51.3,0.4,2.0,21.0,0.3,0.7,43.5,8.1,2.0,2.2,1.4,1.4,0.6,0.6,-4.1,4,0,3,39.6,53.5,53.6
Karl Shanidan,Miami Tides,F,9,29,29,14.9,15.4,7.3,11.8,61.7,0.4,1.7,24.0,0.5,0.6,77.8,4.6,1.1,1.4,0.8,0.8,0.6,0.7,-2.1,2,0,1,44.2,64.0,63.5
Terrance Stafford,Miami Tides,C,9,31,31,13.5,11.5,5.2,9.0,58.3,0.6,1.5,41.7,0.4,0.6,65.0,5.3,1.2,0.2,0.3,1.0,0.4,0.6,0.5,0,0,1,35.4,62.2,61.9
Clyde Pearson,Miami Tides,F,6,28,8,13.8,10.8,5.0,9.2,54.9,0.3,1.4,20.5,0.4,0.7,63.2,5.1,1.3,1.6,0.4,0.6,0.5,0.5,1.5,0,0,2,34.2,56.9,56.4
Jared Summers,Miami Tides,GF,2,30,0,1.5,0.7,0.3,1.0,31.0,0.1,0.4,30.8,0.0,0.0,-,0.3,0.1,0.4,0.1,0.0,0.0,0.1,-1.0,0,0,0,19.2,37.9,37.9
Tommy Dunn,Miami Tides,G,7,30,0,2.1,1.3,0.5,1.2,43.2,0.1,0.4,33.3,0.1,0.1,75.0,0.6,0.1,0.7,0.1,0.0,0.0,0.0,-1.1,0,0,0,31.3,50.3,48.6
Nicolas Garcia,Miami Tides,C,3,31,0,4.8,1.6,0.7,1.8,40.4,0.1,0.2,33.3,0.1,0.3,37.5,1.5,0.2,0.1,0.0,0.3,0.2,0.1,-0.8,0,0,0,12.9,42.1,42.1
Jay Xeno,Miami Tides,G,8,31,0,9.1,4.5,1.8,5.1,36.1,0.4,1.4,30.2,0.4,0.4,100,1.7,0.3,3.5,0.7,0.3,0.3,0.6,-3.1,0,0,0,25.9,42.8,40.2
Syndor Drago,Miami Tides,G,13,31,3,9.5,7.7,3.1,5.9,51.6,1.0,2.3,44.3,0.6,0.6,100,1.4,0.4,3.7,0.6,0.3,0.3,0.6,-1.6,0,0,0,41.9,62.4,60.1
Daryl Schultz,Miami Tides,F,R,31,0,10.4,5.5,2.4,5.9,39.9,0.5,1.5,37.0,0.2,0.6,30.0,1.9,0.6,1.9,0.3,0.3,0.3,0.5,-2.6,0,0,0,19.3,44.1,44.5
Christian Underwood,Miami Tides,F,1,8,0,7.9,2.1,1.0,3.3,30.8,0.1,1.0,12.5,0.0,0.5,0.0,2.5,0.3,0.3,0.3,0.0,0.4,1.3,-6.1,0,0,0,-1.9,30.6,32.7
Christian Fuller,Miami Tides,GF,R,0,0,0.0,0.0,0.0,0.0,-,0.0,0.0,-,0.0,0.0,-,0.0,0.0,0.0,0.0,0.0,0.0,0.0,0.0,0,0,0,0.0,0.0,0.0
Paul Austin,Miami Tides,F,1,0,0,0.0,0.0,0.0,0.0,-,0.0,0.0,-,0.0,0.0,-,0.0,0.0,0.0,0.0,0.0,0.0,0.0,0.0,0,0,0,0.0,0.0,0.0
Zane Cruz,Milwaukee Spartans,G,11,31,31,15.7,16.2,6.5,10.4,62.6,2.5,3.8,64.4,0.8,0.8,100,3.9,0.9,6.8,0.9,0.7,0.4,0.5,1.8,4,0,7,58.7,75.8,74.5
Freddie Vaughn,Milwaukee Spartans,SG,6,31,31,12.2,8.9,3.8,7.3,52.0,0.5,1.5,35.6,0.8,0.8,96.2,1.9,0.3,0.5,0.6,0.4,0.4,0.5,-0.7,0,0,0,26.1,58.1,55.5
Christian Nwora,Milwaukee Spartans,SF,11,31,31,15.7,15.5,6.7,12.5,53.9,1.2,3.2,36.7,0.9,0.9,100,4.5,0.8,1.2,0.5,1.2,0.5,1.2,-0.7,0,0,5,37.4,60.1,58.5
Duane Bullock,Milwaukee Spartans,F,6,31,31,13.9,9.7,4.4,8.3,53.1,0.4,1.5,26.1,0.5,0.8,61.5,4.6,1.3,1.7,0.4,1.0,0.2,0.5,-1.0,0,0,0,32.5,56.1,55.5
Chad Bowman,Milwaukee Spartans,FC,1,18,17,10.5,3.3,1.6,3.9,39.4,0.1,0.4,12.5,0.1,0.3,33.3,3.8,0.8,2.6,0.6,0.6,0.4,0.2,2.1,0,0,0,23.9,40.1,40.1
Otis Payne,Milwaukee Spartans,PF,3,30,0,12.5,6.5,3.1,6.2,49.7,0.1,0.7,9.1,0.3,0.5,57.1,4.5,1.1,3.8,0.5,0.9,0.3,0.6,0.5,0,0,0,32.1,50.7,50.3
Jean-Claude Martin,Milwaukee Spartans,GF,6,31,0,13.1,9.1,4.2,7.8,53.5,0.5,1.8,28.1,0.3,0.3,100,3.1,0.6,0.8,0.5,1.1,0.2,0.9,0.5,0,0,2,27.7,57.7,56.8
Donnie Campbell,Milwaukee Spartans,F,6,31,0,5.1,3.8,1.6,2.9,56.0,0.2,0.6,36.8,0.3,0.3,88.9,1.3,0.2,0.4,0.2,0.3,0.2,0.1,-0.5,0,0,0,31.8,61.6,59.9
Barrett Schmidt,Milwaukee Spartans,FC,10,31,14,14.0,5.9,2.6,6.4,41.4,0.4,0.9,37.9,0.3,0.5,47.1,4.9,0.9,1.5,0.4,0.7,0.3,0.4,-1.9,0,0,0,19.5,44.5,44.2
Arnold Davenport,Milwaukee Spartans,GF,5,30,0,3.4,2.1,0.8,1.5,54.3,0.1,0.3,44.4,0.3,0.3,88.9,0.8,0.1,0.7,0.1,0.2,0.1,0.2,-1.2,0,0,0,29.6,62.0,58.7
Dennis Briggs,Milwaukee Spartans,GF,6,27,0,6.4,5.5,2.3,3.9,59.0,0.8,1.4,55.3,0.1,0.2,50.0,0.9,0.1,0.0,0.2,0.0,0.3,0.3,0.4,0,0,0,29.7,68.7,69.0
Dragan Pavlovic,Milwaukee Spartans,G,15,31,0,2.2,1.0,0.5,0.8,58.3,0.1,0.2,50.0,0.0,0.0,100,0.3,0.1,0.5,0.1,0.1,0.1,0.1,0.1,0,0,0,24.3,65.5,64.6
Marc Keller,Milwaukee Spartans,PG,R,13,0,2.3,0.8,0.4,0.7,55.6,0.1,0.1,100,0.0,0.0,-,0.2,0.0,0.1,0.2,0.0,0.1,0.0,-0.7,0,0,0,18.1,61.1,61.1
Gregory Johnson,Milwaukee Spartans,G,R,1,0,1.6,0.0,0.0,0.0,-,0.0,0.0,-,0.0,0.0,-,0.0,0.0,0.0,0.0,0.0,0.0,0.0,-5.0,0,0,0,0.0,0.0,0.0
Peter Ali,Milwaukee Spartans,PG,1,0,0,0.0,0.0,0.0,0.0,-,0.0,0.0,-,0.0,0.0,-,0.0,0.0,0.0,0.0,0.0,0.0,0.0,0.0,0,0,0,0.0,0.0,0.0
Isaiah Hernandez,Minnesota Sabers,PG,8,31,31,12.4,13.1,5.7,9.3,61.5,1.2,2.4,50.0,0.5,0.5,100,1.7,0.4,2.0,0.6,0.4,0.3,0.9,-1.0,0,0,3,42.7,68.8,67.9
Kerry Edwards,Minnesota Sabers,G,9,31,24,12.5,8.4,3.3,7.4,44.5,1.2,2.7,42.4,0.6,0.6,100,2.6,0.5,5.2,1.0,0.6,0.3,0.5,-3.0,0,0,2,39.3,54.7,52.4
Patrick Foster,Minnesota Sabers,GF,6,28,15,10.9,7.0,2.9,5.8,50.3,0.6,1.7,36.2,0.5,0.5,93.3,2.8,0.4,0.6,0.6,0.6,0.1,0.4,0.6,0,0,1,27.2,57.5,55.5
Dante Bullock,Minnesota Sabers,F,1,31,31,12.7,6.9,3.1,6.0,52.2,0.2,0.8,28.0,0.4,0.7,57.1,5.2,0.6,1.3,1.0,1.2,0.4,0.5,0.0,1,0,1,30.7,54.5,54.0
Jeremiah Fitzgerald,Minnesota Sabers,C,6,31,31,12.2,7.4,3.5,6.4,55.8,0.1,0.7,13.6,0.2,0.4,46.2,4.2,0.9,2.4,0.3,0.5,0.4,0.5,-1.0,0,0,1,30.6,56.5,56.6
Maz Romeo,Minnesota Sabers,G,7,31,7,13.0,10.1,4.2,8.3,50.0,1.0,2.4,40.0,0.8,0.8,92.3,3.3,0.5,4.1,0.6,0.8,0.4,0.9,1.6,0,0,4,37.7,57.9,55.8
Jared Thomas,Minnesota Sabers,F,4,31,16,12.3,7.3,3.1,6.7,46.4,0.7,1.7,41.5,0.4,0.6,68.4,3.6,0.8,4.0,0.5,1.0,0.4,0.5,-1.5,0,0,2,33.9,52.7,51.7
Horace Jordan,Minnesota Sabers,F,5,23,0,12.8,7.9,3.4,6.8,50.3,0.2,1.3,16.7,0.8,1.0,86.4,5.3,1.1,1.7,0.6,0.9,0.4,0.7,0.2,0,0,1,30.8,54.6,51.9
Justin Hunt,Minnesota Sabers,C,8,31,0,11.7,9.9,4.7,6.6,70.4,0.0,0.3,10.0,0.5,0.6,75.0,3.4,1.0,1.4,0.4,0.5,0.1,0.3,0.5,0,0,0,42.0,71.2,70.6
Earl Rowe,Minnesota Sabers,GF,4,27,0,8.8,5.4,2.1,4.8,43.1,0.6,1.6,38.6,0.6,0.6,100,1.2,0.3,0.1,0.2,0.3,0.4,0.3,1.9,0,0,0,18.6,52.9,49.6
Sabre Canada,Minnesota Sabers,G,6,23,0,6.6,4.7,2.0,3.8,52.9,0.3,0.8,36.8,0.4,0.7,66.7,1.0,0.0,0.3,0.3,0.1,0.3,0.1,0.1,0,0,0,26.1,58.2,56.9
Gui Costa,Minnesota Sabers,C,8,0,0,0.0,0.0,0.0,0.0,-,0.0,0.0,-,0.0,0.0,-,0.0,0.0,0.0,0.0,0.0,0.0,0.0,0.0,0,0,0,0.0,0.0,0.0
Mitchell Woods,Minnesota Sabers,PG,R,4,0,9.5,3.3,1.5,5.3,28.6,0.3,1.0,25.0,0.0,0.0,-,0.0,0.0,3.0,0.0,0.0,0.3,0.3,-3.3,0,0,0,8.6,31.0,31.0
Justin Sanders,Minnesota Sabers,FC,1,0,0,0.0,0.0,0.0,0.0,-,0.0,0.0,-,0.0,0.0,-,0.0,0.0,0.0,0.0,0.0,0.0,0.0,0.0,0,0,0,0.0,0.0,0.0
Chester Neal,Minnesota Sabers,C,R,3,0,1.1,1.3,0.7,0.7,100,0.0,0.0,-,0.0,0.0,-,0.7,0.3,0.3,0.0,0.0,0.0,0.0,1.0,0,0,0,80.5,100.0,100.0
Jesse Charles,New Orleans Airmen,PG,6,31,31,16.3,10.1,4.5,9.4,47.4,0.7,2.1,33.3,0.5,0.9,51.9,4.4,0.7,7.8,0.8,0.5,0.7,0.9,3.0,3,0,1,36.5,51.5,51.2
Joey Bas,New Orleans Airmen,G,13,31,31,20.3,19.4,7.6,14.4,52.7,2.7,5.6,48.6,1.5,1.5,97.9,7.1,1.7,9.5,1.2,1.5,0.5,1.1,6.9,19,3,20,55.6,64.3,62.1
Francisco Gerbi,New Orleans Airmen,F,14,31,31,13.1,9.1,4.0,7.2,56.1,0.7,1.7,42.3,0.4,0.4,100,2.9,0.5,1.1,0.6,1.0,0.4,0.6,2.9,0,0,0,30.9,62.1,61.0
Anthony Rodgers,New Orleans Airmen,FC,13,31,7,11.2,10.9,5.3,7.6,70.2,0.0,0.5,5.9,0.3,0.4,61.5,3.8,1.2,1.2,0.3,0.6,0.5,0.5,3.6,0,0,0,45.2,70.4,70.4
Pierre Brodeur,New Orleans Airmen,C,13,31,31,14.9,17.6,7.0,11.3,61.7,2.4,3.9,62.0,1.3,1.3,100,5.3,0.9,0.8,0.8,1.8,0.5,0.8,3.3,0,0,1,54.1,74.4,72.4
Jack Cole,New Orleans Airmen,F,7,31,24,12.5,12.1,5.7,9.0,62.9,0.5,1.5,31.3,0.3,0.6,42.1,3.7,0.5,0.1,1.0,1.4,0.4,0.9,3.4,0,0,0,40.4,65.0,65.5
Danny Booth,New Orleans Airmen,F,5,24,0,10.2,9.6,4.3,8.2,51.8,0.4,1.7,24.4,0.7,0.7,100,2.3,0.3,0.3,0.8,0.8,0.3,0.8,3.0,0,0,0,33.5,56.4,54.3
Kyle Bates,New Orleans Airmen,FC,3,31,0,9.1,2.8,1.4,3.8,35.3,0.1,0.5,13.3,0.1,0.1,50.0,3.7,0.4,1.8,0.5,0.5,0.3,0.2,2.7,0,0,0,20.0,36.4,36.1
Jarred Anderson,New Orleans Airmen,G,13,31,0,11.4,6.0,2.4,5.8,41.1,0.9,2.1,41.5,0.4,0.4,92.3,2.5,0.5,3.2,0.4,0.2,0.5,0.3,2.2,0,0,0,26.3,50.3,48.6
Douglas Barron,New Orleans Airmen,F,R,4,0,1.6,1.3,0.3,0.5,50.0,0.0,0.0,-,0.8,1.0,75.0,0.5,0.5,0.3,0.0,0.0,0.3,0.0,-2.0,0,0,0,40.7,66.5,50.0
Brad Cobb,New Orleans Airmen,FC,2,15,0,1.8,1.0,0.5,1.2,38.9,0.0,0.0,-,0.1,0.2,33.3,0.8,0.3,0.1,0.0,0.0,0.1,0.1,-1.0,0,0,0,15.7,38.8,38.9
Wendell McDaniel,New Orleans Airmen,F,1,18,0,3.8,1.1,0.5,1.6,32.1,0.0,0.1,0.0,0.1,0.2,33.3,0.8,0.2,0.1,0.1,0.1,0.1,0.1,0.9,0,0,0,5.9,32.4,32.1
Dwight Saunders,New Orleans Airmen,SF,1,0,0,0.0,0.0,0.0,0.0,-,0.0,0.0,-,0.0,0.0,-,0.0,0.0,0.0,0.0,0.0,0.0,0.0,0.0,0,0,0,0.0,0.0,0.0
Brendan Richardson,New York Empire,PG,R,31,0,10.4,5.9,2.5,4.9,50.0,0.7,1.6,46.0,0.2,0.8,28.0,2.3,0.6,5.9,0.5,0.1,0.5,0.4,4.3,0,0,1,39.1,55.8,57.6
Jaelan Hale,New York Empire,SG,10,27,27,15.0,19.3,8.6,11.9,72.5,1.4,2.7,54.2,0.7,0.7,100,3.3,0.2,1.1,0.7,0.3,0.7,0.9,6.8,0,0,3,53.1,79.4,78.6
Anthony Bridges,New York Empire,SF,18,29,29,18.1,21.2,8.7,13.4,64.6,2.9,4.5,63.8,1.0,1.0,100,4.8,0.9,3.1,0.7,1.1,0.6,0.8,11.3,1,0,25,54.4,76.5,75.3
Xavier Sevenade,New York Empire,PF,12,27,27,17.2,15.9,6.5,10.1,64.7,2.1,3.0,68.3,0.8,0.8,100,5.1,0.7,0.3,1.1,1.4,0.4,0.9,11.4,1,0,7,42.2,76.3,75.0
Robert Jackson,New York Empire,C,4,31,31,14.7,7.2,3.4,6.2,55.0,0.2,0.9,21.4,0.2,0.3,75.0,5.1,0.9,2.9,0.5,1.1,0.4,0.4,7.7,1,0,1,29.7,57.1,56.5
Joel Schultz,New York Empire,GF,4,31,6,10.5,10.8,4.8,7.5,63.8,1.0,2.1,48.4,0.3,0.3,100,2.2,0.3,0.2,0.5,0.6,0.4,0.5,5.0,0,0,0,41.2,71.1,70.5
Tobias Miller,New York Empire,F,11,31,4,7.8,5.2,2.2,4.5,48.9,0.4,1.1,34.3,0.3,0.3,100,2.6,0.6,0.6,0.2,0.6,0.3,0.2,-0.5,0,0,0,29.4,55.0,53.2
Kaydin Hutchinson,New York Empire,G,7,31,31,13.5,7.1,3.2,6.5,48.8,0.4,1.5,22.9,0.4,0.5,68.8,2.7,0.9,8.3,0.7,0.5,0.3,0.5,6.4,2,0,0,40.9,52.4,51.5
Clement Hamel,New York Empire,F,13,31,0,6.6,2.5,1.1,2.6,40.7,0.2,0.6,27.8,0.2,0.3,60.0,1.4,0.3,2.9,0.4,0.6,0.2,0.3,1.1,0,0,0,30.9,45.1,43.8
Deandre Daniels,New York Empire,C,11,31,0,9.3,7.5,3.5,5.5,64.1,0.1,0.6,20.0,0.3,0.5,56.3,4.5,0.8,0.1,0.2,1.2,0.4,0.3,3.0,1,0,0,39.2,65.2,65.3
Brent Glover,New York Empire,FC,1,14,0,1.5,0.7,0.4,0.4,83.3,0.0,0.0,-,0.0,0.0,-,0.9,0.3,0.0,0.1,0.1,0.0,0.0,1.0,0,0,0,36.2,83.3,83.3
Chad Singleton,New York Empire,PG,R,17,0,3.8,1.6,0.5,1.9,28.1,0.3,0.9,31.3,0.2,0.5,50.0,0.0,0.0,0.7,0.0,0.1,0.1,0.2,-0.1,0,0,0,7.7,38.0,35.9
Walter Peterson,New York Empire,C,2,4,0,1.5,0.0,0.0,0.3,0.0,0.0,0.0,-,0.0,0.0,-,0.0,0.0,0.3,0.0,0.0,0.0,0.0,0.8,0,0,0,-0.8,0.0,0.0
Darryl Adkins,New York Empire,C,1,0,0,0.0,0.0,0.0,0.0,-,0.0,0.0,-,0.0,0.0,-,0.0,0.0,0.0,0.0,0.0,0.0,0.0,0.0,0,0,0,0.0,0.0,0.0
Robin Holt,New York Empire,C,2,0,0,0.0,0.0,0.0,0.0,-,0.0,0.0,-,0.0,0.0,-,0.0,0.0,0.0,0.0,0.0,0.0,0.0,0.0,0,0,0,0.0,0.0,0.0
Tyler Gaines,Oklahoma City Outlaws,G,11,31,31,15.1,23.0,9.6,12.2,78.6,3.0,4.0,74.8,0.8,0.8,100,2.9,0.4,2.2,0.5,0.7,0.4,1.0,10.8,0,0,17,68.7,91.4,90.8
Milan Nikolic,Oklahoma City Outlaws,G,7,31,31,14.9,14.8,6.0,9.6,63.0,2.0,3.5,57.0,0.8,0.8,100,3.8,0.9,6.7,0.8,1.0,0.6,0.8,10.5,4,0,8,57.2,74.7,73.2
Marc Austin,Oklahoma City Outlaws,F,6,31,31,13.2,9.0,3.9,6.6,58.3,0.8,2.1,40.0,0.5,0.5,100,2.3,0.3,1.5,0.2,0.6,0.6,0.6,8.2,0,0,0,27.8,66.0,64.6
Chase Williams,Oklahoma City Outlaws,PF,7,31,31,14.6,10.2,4.8,8.3,57.8,0.4,1.6,26.5,0.2,0.3,75.0,5.6,0.9,3.3,0.9,1.2,0.5,0.7,10.1,1,0,3,39.4,60.6,60.3
Sharrell McCollum,Oklahoma City Outlaws,C,13,31,31,15.6,13.6,6.4,9.8,65.1,0.5,1.5,31.3,0.3,0.6,55.6,6.6,0.9,2.3,0.6,1.5,0.4,0.6,10.3,5,0,4,44.7,67.5,67.6
Eddie Stephens,Oklahoma City Outlaws,PG,5,31,0,8.2,6.9,3.1,5.7,54.0,0.5,1.4,35.7,0.3,0.3,100,1.6,0.3,5.0,0.3,0.1,0.4,0.5,1.1,0,0,0,47.5,59.3,58.2
Milton Roberson,Oklahoma City Outlaws,GF,4,31,0,8.8,9.6,4.0,6.6,60.8,1.0,2.1,49.2,0.6,0.6,100,2.5,0.3,0.2,0.3,0.5,0.4,0.3,2.6,0,0,0,43.9,70.3,68.6
Tobias Di Pierri,Oklahoma City Outlaws,SF,10,31,0,10.7,10.0,3.9,7.2,54.1,1.2,2.3,51.4,1.1,1.1,100,1.9,0.2,0.2,1.0,0.6,0.3,0.4,3.1,0,0,0,37.6,65.5,62.4
Ken Robertson,Oklahoma City Outlaws,C,14,31,0,8.4,4.4,2.2,4.0,53.6,0.0,0.4,0.0,0.0,0.3,12.5,4.4,0.8,1.5,0.2,0.4,0.3,0.3,1.4,0,0,0,29.9,52.5,53.6
Floyd Fox,Oklahoma City Outlaws,FC,R,31,0,9.2,4.5,2.2,5.0,43.9,0.1,0.4,27.3,0.0,0.1,50.0,3.0,0.5,0.3,0.2,0.4,0.2,0.3,1.5,0,0,0,17.2,44.9,44.8
Asa Bryant,Oklahoma City Outlaws,G,1,12,0,1.8,0.2,0.1,0.6,14.3,0.0,0.2,0.0,0.0,0.0,-,0.2,0.0,0.2,0.0,0.0,0.1,0.1,-0.2,0,0,0,-5.6,14.3,14.3
John Stephenson,Oklahoma City Outlaws,G,R,14,0,1.8,1.9,0.9,1.4,63.2,0.1,0.4,40.0,0.0,0.0,-,0.0,0.0,0.0,0.0,0.1,0.1,0.1,0.1,0,0,0,33.7,68.4,68.4
Lance Ford,Oklahoma City Outlaws,G,1,2,0,1.4,0.0,0.0,0.0,-,0.0,0.0,-,0.0,0.0,-,0.0,0.0,0.0,0.0,0.0,0.0,0.0,2.0,0,0,0,0.0,0.0,0.0
Steven Bowers,Oklahoma City Outlaws,PG,2,0,0,0.0,0.0,0.0,0.0,-,0.0,0.0,-,0.0,0.0,-,0.0,0.0,0.0,0.0,0.0,0.0,0.0,0.0,0,0,0,0.0,0.0,0.0
Philip Clark,Orlando Orbiters,PG,9,31,31,13.4,10.9,4.7,9.1,52.3,0.6,2.2,29.4,0.8,1.0,80.6,2.6,0.5,3.5,0.6,0.6,0.4,0.7,-0.6,0,0,1,36.1,57.5,55.9
Jordan Thornton,Orlando Orbiters,G,7,31,31,12.9,13.5,5.6,9.7,57.5,2.0,3.3,59.8,0.4,0.4,100,1.4,0.2,0.5,0.9,0.7,0.3,0.6,-0.3,0,0,3,40.2,68.4,67.6
Howard Morgan,Orlando Orbiters,GF,R,11,0,4.7,2.5,1.1,1.8,60.0,0.2,0.5,40.0,0.1,0.1,100,0.7,0.1,0.2,0.1,0.0,0.3,0.3,0.0,0,0,0,17.9,66.0,65.0
Eric Buchanan,Orlando Orbiters,F,R,9,0,2.6,1.9,0.9,1.7,53.3,0.0,0.2,0.0,0.1,0.1,100,0.3,0.2,0.0,0.1,0.2,0.0,0.1,-0.4,0,0,0,27.5,55.1,53.3
Nick Flowers,Orlando Orbiters,FC,5,30,30,13.6,6.8,3.1,6.3,49.2,0.2,0.5,31.3,0.4,0.7,61.9,6.1,1.7,4.4,0.7,0.9,0.2,0.4,-0.1,0,0,3,36.2,51.5,50.5
Anthony Patterson,Orlando Orbiters,SG,4,31,0,11.2,10.1,4.2,8.3,51.0,1.0,2.1,47.0,0.6,0.6,100,2.4,0.4,1.2,0.6,0.5,0.4,0.7,0.0,0,0,0,33.8,58.9,57.0
Mykell Briggs,Orlando Orbiters,PF,4,26,0,10.3,5.1,2.3,4.8,48.0,0.1,0.5,23.1,0.3,0.4,81.8,3.5,0.8,2.4,0.6,1.4,0.3,0.3,0.5,0,0,0,32.6,50.8,49.2
Jordan Pope,Orlando Orbiters,F,5,31,0,12.2,8.4,3.8,7.2,53.2,0.5,1.7,32.1,0.2,0.5,50.0,3.9,0.7,0.7,0.5,0.8,0.5,0.7,-0.4,0,0,0,28.2,57.0,57.0
Melvin Bradford,Orlando Orbiters,C,7,31,1,10.5,5.8,2.8,4.8,58.0,0.1,0.5,21.4,0.1,0.4,36.4,3.5,1.1,2.6,0.4,0.6,0.2,0.2,-0.9,0,0,1,35.0,58.4,59.0
Modou Diop,Orlando Orbiters,G,7,31,0,10.2,7.6,3.5,6.7,52.2,0.4,1.3,30.8,0.3,0.3,100,2.0,0.5,2.1,0.6,0.3,0.1,0.6,-0.2,0,0,0,32.2,56.2,55.1
A.J. Casey,Orlando Orbiters,SF,3,31,31,12.1,8.1,3.4,6.7,51.2,0.6,2.0,29.5,0.7,0.7,100,1.9,0.1,0.0,0.7,0.6,0.4,0.5,0.5,0,0,1,23.5,58.0,55.6
Kyle Frazier,Orlando Orbiters,PF,6,31,31,13.5,8.2,3.8,7.0,54.6,0.2,0.6,35.0,0.3,0.5,64.3,5.7,1.6,3.9,0.6,1.0,0.4,0.5,-0.6,1,0,6,38.9,56.7,56.2
Stuart Ward,Orlando Orbiters,FC,14,0,0,0.0,0.0,0.0,0.0,-,0.0,0.0,-,0.0,0.0,-,0.0,0.0,0.0,0.0,0.0,0.0,0.0,0.0,0,0,0,0.0,0.0,0.0
Phillip Weber,Orlando Orbiters,C,1,3,0,4.8,2.3,1.0,1.0,100,0.3,0.3,100,0.0,0.3,0.0,1.7,0.7,1.3,0.0,0.7,0.0,0.0,7.3,0,0,0,44.1,101.7,116.7
Michael Stokes,Philadelphia Founders,PG,9,31,31,14.5,13.3,5.8,10.8,53.4,0.9,2.5,37.7,0.8,0.8,96.2,4.4,0.9,5.4,0.9,1.1,0.5,1.0,-4.3,0,0,2,47.5,59.5,57.8
Aleksandar Petkovic,Philadelphia Founders,SG,12,31,31,13.2,12.7,5.3,9.1,58.2,1.5,2.8,54.0,0.6,0.6,100,2.2,0.4,0.3,0.7,0.4,0.5,0.9,-2.6,0,0,0,34.5,67.9,66.5
Ruben White,Philadelphia Founders,F,12,31,18,14.6,11.9,5.4,11.3,47.6,0.6,2.2,29.0,0.5,0.8,66.7,3.9,1.1,1.2,0.5,1.2,0.5,0.6,-4.2,1,0,0,30.4,51.2,50.4
Jeremy Fowler,Philadelphia Founders,FC,7,31,31,16.4,10.9,5.2,9.0,57.1,0.2,0.9,18.5,0.4,0.5,76.5,6.4,1.7,3.9,0.5,1.7,0.5,0.8,-4.6,0,0,4,38.5,58.8,58.0
Marc Owens,Philadelphia Founders,C,4,31,31,20.1,10.1,4.9,9.6,50.8,0.1,0.7,19.0,0.2,0.8,29.2,9.4,2.2,5.7,0.6,1.5,0.5,0.9,-5.6,6,1,4,33.1,50.9,51.5
Marvin Casey,Philadelphia Founders,PG,5,31,0,9.2,8.0,3.5,6.9,50.2,0.8,1.9,41.4,0.4,0.6,61.1,2.0,0.7,6.1,0.6,0.3,0.5,0.6,-1.0,1,0,0,51.7,56.4,55.9
Jordan Wallace,Philadelphia Founders,GF,4,31,13,11.8,10.5,4.3,7.7,55.4,1.1,2.5,44.2,0.8,0.8,100,2.7,0.4,0.5,0.7,0.6,0.6,0.7,-2.4,0,0,0,35.1,64.8,62.5
Jason Jensen,Philadelphia Founders,SF,6,31,0,12.6,8.9,4.0,8.4,47.7,0.5,1.6,32.0,0.4,0.4,100,3.4,0.1,0.2,0.7,0.9,0.5,0.6,-1.6,0,0,0,24.1,52.1,50.8
Kashtin Merrin,Philadelphia Founders,SF,7,18,0,4.6,3.9,1.7,2.6,65.2,0.4,0.6,70.0,0.2,0.2,100,1.3,0.1,0.2,0.4,0.4,0.2,0.0,1.3,0,0,0,44.1,74.0,72.8
Harvey Wade,Philadelphia Founders,G,1,18,0,6.8,4.2,1.9,4.1,47.9,0.1,0.9,11.8,0.2,0.3,80.0,0.9,0.2,0.8,0.4,0.2,0.3,0.6,-2.2,0,0,0,19.9,50.5,49.3
Cory Hartman,Philadelphia Founders,GF,R,16,0,1.4,0.5,0.3,0.8,30.8,0.0,0.1,0.0,0.0,0.0,-,0.3,0.1,0.0,0.0,0.0,0.1,0.1,-2.4,0,0,0,1.2,30.8,30.8
Jason Mills,Philadelphia Founders,GF,2,5,0,1.6,0.6,0.2,1.2,16.7,0.0,0.6,0.0,0.2,0.4,50.0,0.6,0.0,0.0,0.0,0.0,0.6,0.2,-3.0,0,0,0,-18.0,21.8,16.7
Shannon Wagner,Philadelphia Founders,GF,R,2,0,1.2,0.0,0.0,1.5,0.0,0.0,0.0,-,0.0,0.0,-,0.5,0.0,0.0,0.5,0.0,0.0,0.0,1.0,0,0,0,-20.3,0.0,0.0
Johnny Little,Philadelphia Founders,SG,1,0,0,0.0,0.0,0.0,0.0,-,0.0,0.0,-,0.0,0.0,-,0.0,0.0,0.0,0.0,0.0,0.0,0.0,0.0,0,0,0,0.0,0.0,0.0
Nelson Nash,Phoenix Firebirds,G,2,31,0,8.2,3.9,1.7,4.1,42.9,0.2,0.7,22.7,0.3,0.6,44.4,1.0,0.2,0.5,0.1,0.1,0.2,0.4,-3.1,0,0,0,11.4,45.2,44.8
Jamie Spencer,Phoenix Firebirds,G,12,31,31,13.8,12.7,4.8,7.5,64.7,2.4,3.2,73.0,0.7,0.7,100,2.3,0.2,5.0,0.7,0.4,0.4,0.7,3.9,1,0,3,50.1,81.7,80.4
James Ketch,Phoenix Firebirds,F,10,31,31,13.5,10.8,4.2,7.6,55.5,1.6,3.1,53.1,0.7,0.7,100,3.3,0.7,1.2,0.4,0.9,0.5,0.7,3.4,0,0,0,34.5,68.1,66.3
Kenneth Buchanan,Phoenix Firebirds,F,4,31,0,10.8,4.9,2.2,4.8,45.3,0.2,0.9,22.2,0.3,0.6,50.0,3.3,0.6,0.4,0.5,0.5,0.3,0.3,-4.1,0,0,0,19.2,47.8,47.3
Steve Lambert,Phoenix Firebirds,C,6,5,0,1.6,0.8,0.4,0.6,66.7,0.0,0.0,-,0.0,0.0,-,0.2,0.0,0.4,0.0,0.2,0.0,0.0,4.8,0,0,0,32.5,66.7,66.7
Sidney Walton,Phoenix Firebirds,PG,R,0,0,0.0,0.0,0.0,0.0,-,0.0,0.0,-,0.0,0.0,-,0.0,0.0,0.0,0.0,0.0,0.0,0.0,0.0,0,0,0,0.0,0.0,0.0
Skylar Murphy,Phoenix Firebirds,F,9,31,31,13.1,9.7,4.0,7.6,52.3,1.0,2.3,43.1,0.7,0.7,100,4.2,0.6,0.3,0.5,0.9,0.5,0.5,2.5,0,0,1,30.1,60.9,58.9
Elijah Smith,Phoenix Firebirds,F,14,31,0,10.7,5.8,2.4,5.8,41.9,0.5,1.8,30.4,0.4,0.5,80.0,2.5,0.5,1.2,0.5,0.4,0.3,0.5,-5.1,0,0,0,20.9,48.2,46.6
Marcus Stevenson,Phoenix Firebirds,FC,6,31,0,8.4,3.7,1.7,4.4,40.0,0.1,0.8,16.7,0.1,0.4,27.3,3.3,0.9,1.7,0.3,0.6,0.1,0.1,-4.5,0,0,0,26.5,41.1,41.5
Travis Crosby,Phoenix Firebirds,PG,3,31,0,11.3,9.5,4.0,8.6,46.4,1.1,2.7,40.0,0.5,0.7,66.7,2.3,0.4,5.2,0.8,0.2,0.4,0.6,-6.2,0,0,1,41.3,53.6,52.8
Lionte Williamson,Phoenix Firebirds,G,8,31,31,14.9,11.9,4.6,8.4,54.8,1.8,3.5,52.3,0.8,0.8,100,2.3,0.7,7.5,0.6,0.9,0.5,0.5,2.0,2,0,3,48.4,67.5,65.5
Mandawuy Aurallo,Phoenix Firebirds,C,11,31,31,15.4,15.1,7.2,11.0,65.2,0.4,1.8,21.1,0.4,0.6,55.0,6.4,1.2,1.0,0.8,1.2,0.3,1.0,1.5,3,0,3,44.4,66.8,67.0
Antonio Nash,Phoenix Firebirds,FC,R,3,0,2.0,0.0,0.0,0.0,-,0.0,0.0,-,0.0,0.0,-,1.3,0.0,0.7,0.0,0.3,0.0,0.0,3.7,0,0,0,27.7,0.0,0.0
Lyle Boyer,Phoenix Firebirds,F,1,0,0,0.0,0.0,0.0,0.0,-,0.0,0.0,-,0.0,0.0,-,0.0,0.0,0.0,0.0,0.0,0.0,0.0,0.0,0,0,0,0.0,0.0,0.0
Ben Hess,Phoenix Firebirds,F,1,0,0,0.0,0.0,0.0,0.0,-,0.0,0.0,-,0.0,0.0,-,0.0,0.0,0.0,0.0,0.0,0.0,0.0,0.0,0,0,0,0.0,0.0,0.0
David Ferguson,Portland Roses,PG,3,31,29,12.1,8.3,3.7,7.1,52.0,0.7,1.7,42.3,0.1,0.5,25.0,2.2,0.4,5.4,0.9,0.6,0.3,0.7,-2.7,0,0,1,39.2,56.1,57.0
Lonnie West,Portland Roses,SG,4,31,14,12.2,14.0,5.8,8.5,68.7,1.5,2.6,58.0,0.8,0.8,100,2.1,0.2,1.5,0.6,0.2,0.4,0.9,0.7,0,0,2,47.8,79.2,77.7
John Long,Portland Roses,F,5,31,31,14.8,7.4,3.5,7.1,49.3,0.1,1.1,11.8,0.2,0.4,63.6,4.1,1.1,3.5,0.9,1.2,0.5,0.6,-3.2,0,0,1,29.3,50.7,50.2
Albert Young,Portland Roses,FC,4,31,31,13.1,8.1,3.8,6.7,56.7,0.3,0.6,40.0,0.2,0.5,46.7,4.9,0.9,1.7,0.3,1.5,0.3,0.4,-0.9,0,0,2,33.3,58.5,58.7
Byron Walker,Portland Roses,C,10,31,31,13.4,12.0,5.6,9.0,62.0,0.3,1.5,16.7,0.6,0.9,70.4,4.8,0.8,0.7,0.4,0.6,0.4,0.5,-2.5,0,0,1,38.0,64.1,63.4
Phillip Hodges,Portland Roses,G,11,31,19,12.6,11.0,4.5,8.1,56.2,1.6,3.0,52.1,0.4,0.5,68.8,2.0,0.7,4.5,0.7,0.4,0.3,0.5,-2.5,0,0,3,44.9,66.3,65.9
Bruce Ross,Portland Roses,SF,2,31,0,14.2,10.7,4.5,9.0,50.0,1.2,2.7,43.5,0.5,0.5,100,3.2,0.2,1.0,0.3,0.6,0.4,0.7,-1.2,0,0,1,26.8,58.1,56.7
Marshall Dickerson,Portland Roses,FC,6,31,0,14.4,7.1,3.3,7.8,42.7,0.2,1.2,19.4,0.3,0.5,47.1,5.4,1.6,2.2,0.7,1.1,0.5,0.4,-2.4,0,0,0,25.9,44.5,44.2
Ricky Williamson,Portland Roses,PG,2,17,0,9.6,4.6,2.0,4.5,44.7,0.4,1.2,28.6,0.2,0.4,57.1,1.6,0.8,4.1,0.4,0.1,0.2,0.2,-1.1,0,0,0,30.6,49.3,48.7
Doug Jenkins,Portland Roses,G,1,30,0,5.5,3.7,1.5,3.3,45.0,0.5,1.0,45.2,0.3,0.6,42.1,0.9,0.0,0.4,0.2,0.2,0.2,0.3,-2.4,0,0,0,20.5,51.7,52.0
Mark York,Portland Roses,FC,2,31,0,2.1,0.6,0.3,0.7,42.9,0.0,0.2,20.0,0.0,0.1,25.0,0.5,0.2,0.2,0.1,0.1,0.0,0.1,-0.8,0,0,0,18.5,43.9,45.2
Eric Baldwin,Portland Roses,G,R,12,0,1.7,1.2,0.5,1.1,46.2,0.2,0.4,40.0,0.0,0.0,-,0.0,0.0,0.1,0.1,0.1,0.1,0.1,0.1,0,0,0,20.0,53.8,53.8
Robin Welch,Portland Roses,C,R,0,0,0.0,0.0,0.0,0.0,-,0.0,0.0,-,0.0,0.0,-,0.0,0.0,0.0,0.0,0.0,0.0,0.0,0.0,0,0,0,0.0,0.0,0.0
Timothy Martin,Portland Roses,F,R,2,0,1.0,0.0,0.0,0.0,-,0.0,0.0,-,0.0,0.0,-,0.0,0.0,0.0,0.0,0.0,0.0,0.0,-2.0,0,0,0,0.0,0.0,0.0
Kevin Hansen,Portland Roses,SF,1,0,0,0.0,0.0,0.0,0.0,-,0.0,0.0,-,0.0,0.0,-,0.0,0.0,0.0,0.0,0.0,0.0,0.0,0.0,0,0,0,0.0,0.0,0.0
Niko Metrovic,Sacramento Royals,PG,5,31,31,17.3,21.1,8.6,12.5,68.6,3.0,4.2,70.2,0.9,0.9,100,2.2,0.2,7.8,1.2,0.2,0.5,1.3,2.1,6,0,22,62.5,81.5,80.5
Nathaniel Pope,Sacramento Royals,G,6,31,31,17.3,14.0,5.9,11.5,50.8,1.3,3.4,38.1,1.0,1.0,100,4.6,1.0,5.9,1.3,1.6,0.7,1.0,2.1,0,0,5,43.8,58.5,56.4
Gozie Nwosu,Sacramento Royals,F,11,31,31,15.2,9.5,3.9,6.9,56.5,0.8,2.1,37.9,0.8,0.8,100,5.4,1.2,0.8,0.5,1.2,0.7,0.5,2.2,0,0,1,31.1,65.0,62.4
Isaiah Clayton,Sacramento Royals,F,5,31,31,15.3,9.5,4.1,8.7,47.6,0.6,1.8,32.1,0.7,0.7,100,3.3,0.8,1.0,0.9,0.9,0.4,0.9,1.1,0,0,2,24.4,53.0,50.9
Melvin Nelson,Sacramento Royals,FC,6,25,25,14.7,7.4,3.2,6.8,46.5,0.3,1.2,22.6,0.8,1.4,57.1,4.8,0.6,2.6,0.7,1.0,0.4,0.3,0.9,1,0,0,27.0,49.9,48.5
Johnny Givony,Sacramento Royals,C,8,31,6,9.7,8.3,3.5,6.5,53.7,0.7,1.8,36.8,0.6,0.6,100,3.2,0.8,0.7,0.2,0.4,0.3,0.4,2.7,0,0,0,34.6,61.0,58.9
Joey Harrell,Sacramento Royals,PG,2,31,0,6.7,3.9,1.7,3.1,56.3,0.1,0.5,25.0,0.3,0.6,40.0,1.0,0.1,3.3,0.3,0.4,0.0,0.3,1.6,0,0,0,37.6,57.3,58.3
Eric Stevens,Sacramento Royals,PF,3,31,0,9.1,4.5,2.2,3.8,59.0,0.0,0.3,10.0,0.1,0.2,33.3,3.6,0.8,1.1,0.3,0.5,0.3,0.1,2.2,0,0,0,29.5,58.9,59.4
Luke Atkins,Sacramento Royals,SG,7,31,0,6.2,5.6,2.4,4.1,58.3,0.7,1.4,50.0,0.2,0.2,100,1.5,0.3,0.4,0.5,0.2,0.3,0.4,2.1,0,0,0,37.3,67.3,66.5
Cory Chapman,Sacramento Royals,GF,6,31,0,8.8,4.9,2.1,4.5,46.8,0.4,1.2,35.1,0.2,0.2,100,2.3,0.1,0.1,0.3,0.6,0.3,0.4,1.5,0,0,0,19.6,52.6,51.4
Mike Young,Sacramento Royals,C,12,7,0,8.4,2.9,1.3,5.0,25.7,0.3,1.7,16.7,0.0,0.0,-,1.9,0.6,0.1,0.1,0.6,0.0,0.0,3.0,0,0,0,6.6,28.6,28.6
Brandon Rowe,Sacramento Royals,FC,3,10,0,1.6,0.6,0.3,0.5,60.0,0.0,0.0,-,0.0,0.0,-,0.3,0.0,0.0,0.1,0.0,0.1,0.1,-1.4,0,0,0,12.6,60.0,60.0
Milton Coleman,Sacramento Royals,C,R,1,0,1.1,0.0,0.0,0.0,-,0.0,0.0,-,0.0,0.0,-,0.0,0.0,1.0,0.0,0.0,0.0,0.0,-1.0,0,0,0,32.5,0.0,0.0
Guy Chug,San Antonio Sheriffs,G,12,31,31,14.5,10.4,4.1,7.5,55.4,1.7,2.9,58.9,0.4,0.4,100,3.1,0.7,7.0,1.2,0.6,0.5,0.7,1.4,5,0,3,46.9,68.0,66.9
B.J. Barnett,San Antonio Sheriffs,G,4,31,31,16.0,21.8,9.5,12.7,74.4,2.1,3.3,64.4,0.8,0.8,100,2.2,0.4,4.1,1.1,0.2,0.5,0.8,3.0,0,0,9,64.2,83.5,82.6
Cody Pearson,San Antonio Sheriffs,SF,11,31,31,14.6,11.6,4.8,9.6,50.5,1.2,3.0,41.3,0.7,0.7,100,3.2,0.3,1.1,0.5,0.7,0.5,0.9,1.7,0,0,1,29.0,58.8,56.9
Evan Holt,San Antonio Sheriffs,F,9,31,31,15.5,12.7,5.8,10.4,55.9,0.5,1.8,26.3,0.6,0.6,100,4.9,0.6,1.8,0.8,1.0,0.6,0.7,1.6,1,0,3,36.3,59.6,58.2
Carson Berry,San Antonio Sheriffs,C,3,31,21,13.0,8.6,4.1,7.0,59.3,0.2,0.8,26.9,0.2,0.6,27.8,5.9,0.8,3.3,0.5,0.8,0.5,0.3,2.7,0,0,1,38.8,59.8,60.9
Bryce Parker,San Antonio Sheriffs,PG,5,31,0,9.3,8.0,3.5,6.5,53.2,0.7,1.7,41.5,0.4,0.5,85.7,1.8,0.2,4.6,0.8,0.5,0.4,0.5,0.2,0,0,0,48.4,59.9,58.7
Davion Oreo,San Antonio Sheriffs,C,8,31,10,11.1,9.0,4.1,7.3,56.0,0.5,1.8,27.3,0.4,0.5,75.0,3.6,0.8,0.1,0.2,0.4,0.3,0.7,-0.1,1,0,0,28.9,60.1,59.3
Lee Black,San Antonio Sheriffs,F,4,31,0,8.2,4.4,2.0,4.5,45.3,0.3,0.9,35.7,0.0,0.1,0.0,3.7,1.2,2.3,0.5,0.3,0.4,0.3,-0.4,0,0,0,33.1,48.6,48.9
Cody Moody,San Antonio Sheriffs,F,3,31,0,9.6,5.6,2.5,5.3,46.7,0.3,1.1,23.5,0.4,0.4,91.7,3.4,0.7,2.5,0.7,0.8,0.4,0.2,0.9,0,0,0,34.5,50.8,49.1
Daniel Ball,San Antonio Sheriffs,PF,6,8,0,1.8,0.8,0.4,0.5,75.0,0.0,0.1,0.0,0.0,0.0,-,0.4,0.0,0.5,0.1,0.1,0.1,0.0,4.3,0,0,0,34.1,75.0,75.0
Jerami Junior,San Antonio Sheriffs,SG,8,31,0,8.2,8.1,3.4,6.2,54.9,1.0,1.8,57.1,0.2,0.2,100,0.7,0.1,0.5,0.6,0.3,0.2,0.5,-0.4,0,0,0,35.7,64.0,63.2
Byron Farrell,San Antonio Sheriffs,PG,R,8,0,1.8,0.5,0.3,0.5,50.0,0.0,0.1,0.0,0.0,0.0,-,0.1,0.0,1.1,0.0,0.0,0.0,0.1,4.3,0,0,0,26.1,50.0,50.0
Perry Powers,San Antonio Sheriffs,FC,2,0,0,0.0,0.0,0.0,0.0,-,0.0,0.0,-,0.0,0.0,-,0.0,0.0,0.0,0.0,0.0,0.0,0.0,0.0,0,0,0,0.0,0.0,0.0
Willie Powers,San Antonio Sheriffs,FC,1,1,0,1.9,2.0,1.0,1.0,100,0.0,0.0,-,0.0,0.0,-,0.0,0.0,0.0,0.0,0.0,1.0,0.0,9.0,0,0,0,37.2,100.0,100.0
Dominique Jakobs,San Diego Surf,G,8,31,31,18.5,11.5,5.5,9.8,55.4,0.4,1.9,19.0,0.2,0.6,38.9,7.5,1.7,5.5,1.5,1.2,0.8,1.1,-2.9,4,0,7,38.9,56.9,57.2
John Wolf,San Diego Surf,GF,1,31,0,1.4,0.7,0.3,0.8,34.6,0.1,0.2,33.3,0.0,0.1,50.0,0.3,0.0,0.0,0.0,0.0,0.0,0.1,-0.4,0,0,0,6.2,39.1,38.5
Glenn Hogan,San Diego Surf,F,4,29,29,13.3,8.0,3.6,7.4,48.1,0.2,1.3,16.2,0.7,0.8,79.2,4.8,1.1,6.0,0.6,0.6,0.3,0.4,-1.5,2,0,0,39.4,51.4,49.5
Travis Wheeler,San Diego Surf,F,R,11,0,3.2,0.6,0.3,1.1,25.0,0.1,0.4,25.0,0.0,0.0,-,0.6,0.1,1.1,0.1,0.1,0.0,0.3,-0.3,0,0,0,12.3,29.2,29.2
Marcus Smith,San Diego Surf,C,10,31,31,13.9,11.4,5.2,9.5,54.7,0.5,1.5,29.2,0.5,0.8,62.5,4.6,0.9,0.5,0.3,0.9,0.6,0.7,-2.5,1,0,1,31.1,57.6,57.1
Dave Maxwell,San Diego Surf,F,5,31,8,11.5,7.3,3.2,6.5,49.3,0.2,1.2,18.9,0.6,0.6,100,3.3,0.6,2.1,0.3,0.6,0.3,0.5,0.2,0,0,0,28.7,53.6,51.0
Isaiah Jackson,San Diego Surf,F,8,31,0,10.3,7.5,3.5,6.4,53.8,0.4,1.3,28.2,0.3,0.3,100,1.4,0.1,0.3,1.0,1.0,0.4,0.5,1.2,0,0,0,29.7,57.6,56.5
Jamison Jay Lee,San Diego Surf,C,8,31,0,10.3,7.5,3.2,5.6,57.2,0.5,1.2,38.9,0.6,0.9,71.4,5.3,0.9,0.3,0.2,0.7,0.5,0.5,1.2,0,0,1,33.9,62.6,61.3
Austin Bridges,San Diego Surf,G,11,31,0,12.6,12.3,5.2,9.5,54.9,1.4,2.9,46.7,0.5,0.5,100,1.4,0.3,0.2,0.4,0.4,0.4,0.6,0.0,0,0,0,31.8,63.3,62.1
Lamarr Chambers,San Diego Surf,F,13,31,25,12.8,8.7,3.7,7.5,49.1,0.7,1.9,35.0,0.6,0.6,100,3.2,0.5,1.7,0.4,0.7,0.6,0.4,-2.3,0,0,0,29.0,55.9,53.7
Tony Pittman,San Diego Surf,G,2,3,0,1.6,2.3,0.7,1.0,66.7,0.3,0.7,50.0,0.7,1.0,66.7,0.0,0.0,0.0,0.0,0.0,0.3,0.0,0.3,0,0,0,49.1,81.0,83.3
Riccardo Buzzoni,San Diego Surf,G,9,31,31,15.7,24.4,10.5,13.4,78.6,2.7,3.7,74.6,0.6,0.6,100,2.4,0.4,0.2,0.6,0.4,0.4,1.3,0.8,0,0,9,62.7,89.3,88.8
Ivan Stephenson,San Diego Surf,SF,1,0,0,0.0,0.0,0.0,0.0,-,0.0,0.0,-,0.0,0.0,-,0.0,0.0,0.0,0.0,0.0,0.0,0.0,0.0,0,0,0,0.0,0.0,0.0
Nick Blair,San Diego Surf,FC,R,1,0,2.0,0.0,0.0,1.0,0.0,0.0,0.0,-,0.0,0.0,-,0.0,0.0,1.0,0.0,0.0,2.0,0.0,-3.0,0,0,0,-19.3,0.0,0.0
Dan York,San Diego Surf,SG,2,0,0,0.0,0.0,0.0,0.0,-,0.0,0.0,-,0.0,0.0,-,0.0,0.0,0.0,0.0,0.0,0.0,0.0,0.0,0,0,0,0.0,0.0,0.0
Max Olsen,San Francisco Quakes,G,5,31,31,12.6,9.0,3.6,7.0,51.6,1.1,2.4,46.7,0.6,1.0,61.3,2.5,0.3,4.8,0.8,0.2,0.4,0.7,2.2,0,0,1,37.6,60.3,59.7
James Wilson,San Francisco Quakes,G,10,31,31,15.2,11.5,4.9,9.8,50.3,1.2,2.7,42.4,0.5,0.5,100,4.1,0.9,6.4,0.7,1.7,0.4,0.8,2.3,1,0,7,44.1,57.4,56.3
Antony King,San Francisco Quakes,F,10,28,28,13.9,13.6,5.6,9.5,59.4,1.5,3.1,49.4,0.8,0.8,100,3.8,0.9,0.8,0.2,0.4,0.6,0.6,2.1,0,0,4,38.6,69.1,67.5
Carlin Wilkins,San Francisco Quakes,F,12,31,31,15.2,13.2,5.5,9.7,57.1,1.3,2.8,47.7,0.8,1.1,73.5,5.6,1.2,1.5,1.4,1.6,0.1,0.7,2.4,1,0,8,44.4,64.9,64.0
Andrew Barzal,San Francisco Quakes,C,4,31,27,11.8,6.6,3.1,4.9,62.1,0.1,0.7,18.2,0.3,0.7,47.6,3.3,0.6,2.1,0.4,1.1,0.4,0.3,-0.9,0,0,0,32.0,62.9,63.4
Rodney Hill,San Francisco Quakes,GF,6,31,3,10.4,9.1,3.9,7.5,51.9,0.7,2.1,35.9,0.6,0.7,90.5,2.9,0.6,0.6,0.4,0.5,0.3,0.7,0.2,0,0,0,32.3,58.7,56.9
Steven Jordan,San Francisco Quakes,C,9,24,4,11.7,7.4,2.9,7.4,38.8,1.0,2.7,37.5,0.7,0.7,100,4.4,1.1,0.5,0.2,0.6,0.3,0.5,1.8,0,0,0,22.4,48.1,45.5
Jake Robinson,San Francisco Quakes,G,11,31,0,11.1,7.6,2.9,6.3,45.9,1.3,2.7,45.9,0.6,0.6,100,1.2,0.2,6.6,0.5,0.4,0.3,0.5,0.0,1,0,0,42.5,58.2,55.9
Marcus Wyatt,San Francisco Quakes,G,2,31,0,8.9,6.6,2.9,5.9,48.9,0.7,2.0,34.9,0.2,0.2,85.7,2.4,0.4,0.6,0.3,0.3,0.2,0.6,-0.6,0,0,0,26.4,55.7,54.9
Joel Shaw,San Francisco Quakes,FC,1,31,0,9.8,3.8,1.8,3.9,47.1,0.1,0.2,28.6,0.1,0.4,16.7,4.1,1.0,1.2,0.4,0.7,0.2,0.2,-0.1,0,0,1,23.9,46.7,47.9
Dwight McDonald,San Francisco Quakes,SF,R,12,0,4.1,2.0,0.8,2.3,35.7,0.3,0.8,33.3,0.1,0.1,100,0.3,0.1,0.0,0.2,0.1,0.2,0.3,-1.2,0,0,0,7.9,42.2,41.1
Harry Henderson,San Francisco Quakes,FC,R,13,0,5.8,1.8,0.8,1.5,55.0,0.1,0.3,25.0,0.0,0.0,-,2.4,0.5,0.0,0.2,0.2,0.2,0.2,1.3,0,0,0,16.9,57.5,57.5
Howard Blair,San Francisco Quakes,G,2,7,0,1.5,0.9,0.4,0.6,75.0,0.0,0.1,0.0,0.0,0.0,-,0.1,0.1,0.7,0.0,0.0,0.0,0.0,-1.0,0,0,0,40.8,75.0,75.0
Ben Wade,Seattle Emeralds,PG,4,20,15,12.0,10.4,4.3,7.8,55.1,1.0,2.2,43.2,0.8,0.8,100,3.1,0.2,1.5,1.3,0.7,0.1,0.9,-2.7,0,0,2,39.1,63.5,61.2
Robbie White,Seattle Emeralds,G,2,31,22,11.4,6.6,2.9,6.7,43.1,0.5,1.8,30.4,0.3,0.5,50.0,2.3,0.3,1.3,0.5,0.4,0.4,0.7,-4.4,0,0,0,19.3,47.4,47.1
John Poland,Seattle Emeralds,F,12,31,30,12.3,9.4,4.5,7.9,56.3,0.3,1.4,22.7,0.1,0.4,36.4,3.2,0.7,0.5,0.8,1.3,0.4,0.5,-3.5,0,0,1,33.5,58.0,58.4
Drew Stevenson,Seattle Emeralds,PF,2,31,7,10.9,4.9,2.3,5.3,42.4,0.2,0.9,18.5,0.2,0.4,50.0,3.0,0.8,0.9,0.3,0.4,0.4,0.5,-4.5,0,0,0,16.6,44.3,43.9
Grant Barnett,Seattle Emeralds,FC,7,31,29,11.9,5.8,2.8,6.1,45.7,0.1,0.8,12.5,0.2,0.3,75.0,3.8,0.7,2.3,0.8,0.9,0.4,0.3,-2.3,0,0,0,27.8,47.3,46.5
Willie Robertson,Seattle Emeralds,FC,4,31,30,12.8,7.1,3.5,6.4,54.0,0.1,0.5,11.8,0.2,0.5,35.7,4.9,1.3,3.0,0.5,0.6,0.3,0.6,-5.5,1,0,1,31.5,54.1,54.5
Glenn Young,Seattle Emeralds,G,4,30,12,10.8,9.7,4.5,7.5,60.4,0.4,1.3,30.0,0.3,0.3,100,1.4,0.2,0.7,0.6,0.4,0.5,0.8,-4.2,0,0,0,32.3,63.9,63.1
Kurt Ferguson,Seattle Emeralds,FC,2,31,6,12.5,8.7,4.1,7.2,56.8,0.2,0.7,21.7,0.4,0.9,48.1,5.3,1.3,1.0,0.2,0.8,0.4,0.5,-4.7,1,0,0,31.7,57.7,57.9
Jason Garcia,Seattle Emeralds,G,13,31,13,11.6,9.7,4.0,8.0,50.4,1.1,3.0,37.2,0.5,0.5,100,1.4,0.4,3.3,0.6,0.3,0.5,0.6,-4.3,0,0,1,36.2,59.1,57.5
Herbert Combs,Seattle Emeralds,F,1,31,0,12.1,4.6,2.1,4.9,42.5,0.1,0.6,15.8,0.3,0.6,50.0,4.3,0.9,4.2,0.5,0.6,0.4,0.3,-6.1,0,0,1,28.0,44.1,43.5
Bam Tannis,Seattle Emeralds,G,2,31,0,5.2,3.9,1.7,3.2,52.0,0.4,1.0,40.0,0.1,0.3,50.0,0.6,0.1,1.0,0.2,0.1,0.1,0.4,-3.5,0,0,0,27.4,58.0,58.0
Rick Baker,Seattle Emeralds,G,R,13,0,2.3,1.5,0.7,1.6,42.9,0.0,0.4,0.0,0.2,0.3,50.0,0.2,0.0,0.3,0.1,0.3,0.2,0.1,0.3,0,0,0,22.0,43.9,42.9
John Schultz,Seattle Emeralds,C,7,3,0,2.9,0.0,0.0,0.3,0.0,0.0,0.0,-,0.0,0.0,-,1.7,0.0,0.7,0.0,0.0,0.0,0.3,-0.3,0,0,0,5.7,0.0,0.0
Clarence Lowe,Seattle Emeralds,G,1,0,0,0.0,0.0,0.0,0.0,-,0.0,0.0,-,0.0,0.0,-,0.0,0.0,0.0,0.0,0.0,0.0,0.0,0.0,0,0,0,0.0,0.0,0.0
Patrice Delvecchio,Seattle Emeralds,PG,R,0,0,0.0,0.0,0.0,0.0,-,0.0,0.0,-,0.0,0.0,-,0.0,0.0,0.0,0.0,0.0,0.0,0.0,0.0,0,0,0,0.0,0.0,0.0
Taog Gib,Toronto Towers,PG,10,31,31,17.7,17.3,6.9,11.4,60.5,2.9,4.2,70.0,0.6,0.7,90.5,5.0,1.1,11.2,0.8,1.0,0.5,0.9,6.6,20,0,19,62.5,74.2,73.4
AJ Altierri Jr,Toronto Towers,G,2,31,31,13.1,9.9,4.2,7.6,55.5,1.1,2.3,46.5,0.4,0.4,100,1.7,0.4,2.0,0.6,0.1,0.5,0.5,5.9,0,0,0,31.1,63.5,62.5
Clayton Decker,Toronto Towers,SF,5,31,31,14.8,14.1,6.0,9.8,60.9,1.7,3.1,53.6,0.5,0.5,94.1,3.2,0.5,0.1,0.3,0.5,0.3,0.8,6.3,0,0,1,35.4,70.3,69.4
Zion Queen,Toronto Towers,F,5,31,31,17.7,17.1,7.9,11.8,67.4,0.7,2.2,33.8,0.5,0.8,53.8,5.1,1.0,4.0,0.5,1.4,0.6,1.0,6.4,0,0,5,47.6,70.3,70.5
Kirk Pope,Toronto Towers,FC,4,31,31,16.0,6.6,3.1,5.9,52.7,0.2,0.6,30.0,0.2,0.5,40.0,6.1,0.8,1.5,0.7,1.3,0.4,0.5,4.0,2,0,0,24.2,54.1,54.4
Carlton Burke,Toronto Towers,PG,R,31,0,6.1,4.3,2.0,3.5,57.0,0.2,0.7,33.3,0.1,0.1,100,1.0,0.2,1.4,0.2,0.3,0.2,0.3,-1.9,0,0,0,32.1,61.1,60.3
Nelson Ryan,Toronto Towers,G,4,31,0,10.9,6.3,2.7,5.6,48.6,0.6,1.9,33.9,0.2,0.3,70.0,2.6,0.4,2.1,0.7,0.8,0.3,0.4,-1.2,0,0,0,29.6,55.0,54.3
Dejan Aleksic,Toronto Towers,F,11,31,0,12.1,10.2,4.5,8.5,53.4,0.6,1.9,31.0,0.5,0.6,83.3,3.4,0.7,1.0,0.3,0.7,0.4,0.4,-0.6,1,0,0,33.3,57.9,56.8
Austin Cain,Toronto Towers,PF,4,31,0,7.9,3.9,1.8,3.7,49.1,0.1,0.4,18.2,0.2,0.4,54.5,2.7,0.5,1.6,0.3,0.5,0.2,0.4,-2.0,0,0,0,26.6,50.5,50.0
Elijah Roy Jr.,Toronto Towers,SG,3,0,0,0.0,0.0,0.0,0.0,-,0.0,0.0,-,0.0,0.0,-,0.0,0.0,0.0,0.0,0.0,0.0,0.0,0.0,0,0,0,0.0,0.0,0.0
Kevin Grant,Toronto Towers,FC,6,31,0,3.7,1.1,0.5,1.7,28.8,0.1,0.2,28.6,0.1,0.1,66.7,1.5,0.1,0.5,0.1,0.3,0.0,0.1,0.2,0,0,0,14.3,31.9,30.8
Eric Hardy,Toronto Towers,G,3,6,0,1.5,2.7,1.3,1.8,72.7,0.0,0.3,0.0,0.0,0.0,-,0.2,0.2,0.3,0.0,0.0,0.0,0.0,0.7,0,0,0,73.7,72.7,72.7
Clayton Wilson,Toronto Towers,FC,R,0,0,0.0,0.0,0.0,0.0,-,0.0,0.0,-,0.0,0.0,-,0.0,0.0,0.0,0.0,0.0,0.0,0.0,0.0,0,0,0,0.0,0.0,0.0
Joseph Waters,Toronto Towers,FC,2,0,0,0.0,0.0,0.0,0.0,-,0.0,0.0,-,0.0,0.0,-,0.0,0.0,0.0,0.0,0.0,0.0,0.0,0.0,0,0,0,0.0,0.0,0.0
Nicolas Dubois,Toronto Towers,GF,1,0,0,0.0,0.0,0.0,0.0,-,0.0,0.0,-,0.0,0.0,-,0.0,0.0,0.0,0.0,0.0,0.0,0.0,0.0,0,0,0,0.0,0.0,0.0
Nicholas Kane,Utah Summit,PG,R,25,0,2.3,1.3,0.5,1.0,52.0,0.3,0.5,58.3,0.0,0.0,-,0.2,0.2,0.1,0.0,0.1,0.1,0.0,1.2,0,0,0,24.5,66.0,66.0
Jaime Andrews,Utah Summit,SG,1,31,0,2.9,1.6,0.7,1.1,65.7,0.2,0.2,83.3,0.0,0.0,-,0.3,0.0,0.0,0.2,0.2,0.0,0.1,1.9,0,0,0,25.5,72.9,72.9
Joshua Owens,Utah Summit,F,9,31,31,17.5,13.9,5.7,11.2,51.3,1.4,3.1,44.8,1.0,1.1,97.0,5.8,1.2,2.2,1.6,1.7,0.4,0.4,0.4,1,0,6,40.8,59.6,57.5
Julius Carter,Utah Summit,PF,R,12,0,2.1,1.8,0.8,1.3,62.5,0.0,0.1,0.0,0.2,0.2,100,0.8,0.1,0.0,0.0,0.0,0.0,0.0,1.6,0,0,0,35.4,65.2,62.5
James Murray,Utah Summit,C,9,27,27,14.8,10.9,4.7,8.7,53.8,0.7,2.1,33.3,0.7,0.8,90.9,4.7,1.0,0.6,0.5,0.6,0.2,0.7,2.6,1,0,0,29.7,59.6,57.8
George Georgeson,Utah Summit,F,10,31,0,6.4,5.5,2.3,4.7,49.0,0.5,1.7,28.8,0.4,0.4,100,2.0,0.5,1.8,0.2,0.4,0.3,0.4,0.0,0,0,0,40.0,56.0,54.1
Noel Stoner,Utah Summit,G,13,31,3,12.7,10.6,4.4,7.4,59.6,0.9,2.2,39.1,1.0,1.0,100,2.1,0.6,0.5,0.8,0.5,0.2,0.4,0.6,0,0,0,35.6,68.2,65.6
Rhys Kaneko,Utah Summit,F,12,31,0,8.6,5.6,2.6,4.8,55.4,0.1,0.5,26.7,0.2,0.5,42.9,2.3,0.3,1.7,0.2,0.2,0.3,0.5,0.1,0,0,0,28.0,56.4,56.8
Nathan Korst,Utah Summit,C,11,31,4,9.9,3.7,1.5,4.5,34.0,0.4,1.4,31.0,0.2,0.4,38.5,3.3,0.7,0.7,0.7,0.7,0.3,0.5,-0.3,0,0,0,17.0,38.8,38.7
Terrence Franklin,Utah Summit,F,14,31,31,15.9,12.5,5.3,10.2,52.1,1.1,3.3,34.0,0.7,0.7,91.3,6.8,1.3,0.6,0.9,1.1,0.3,0.8,0.8,2,0,1,34.8,59.0,57.6
Aaron Ford,Utah Summit,G,11,31,31,17.3,13.5,5.9,11.1,53.6,0.6,2.5,26.0,1.0,1.5,68.9,3.7,0.7,9.0,0.6,0.6,0.5,1.3,0.5,9,0,9,43.0,57.7,56.6
Howard Fleming,Utah Summit,PG,2,31,28,13.5,7.4,3.2,6.4,50.8,0.4,1.4,27.9,0.5,0.7,77.3,2.2,0.7,5.7,0.7,0.6,0.5,0.6,-1.9,1,0,0,34.3,55.4,53.8
Joseph Barnett,Utah Summit,C,1,5,0,3.3,1.0,0.4,0.6,66.7,0.0,0.0,-,0.2,0.4,50.0,0.4,0.0,0.2,0.0,0.2,0.4,0.0,-4.8,0,0,0,13.8,64.4,66.7
Brandon Farmer,Utah Summit,GF,2,0,0,0.0,0.0,0.0,0.0,-,0.0,0.0,-,0.0,0.0,-,0.0,0.0,0.0,0.0,0.0,0.0,0.0,0.0,0,0,0,0.0,0.0,0.0
Stephen Hansen,Washington Agents,G,12,28,24,11.6,13.6,5.8,9.0,64.0,1.5,2.7,57.3,0.5,0.5,100,1.7,0.2,0.7,0.6,0.2,0.6,0.7,1.4,0,0,2,45.0,73.5,72.5
Dizzy Michaels,Washington Agents,G,10,31,31,18.2,12.4,4.8,10.3,46.4,1.5,3.7,41.7,1.3,1.4,97.6,5.2,1.1,9.5,0.5,1.2,0.3,0.9,-3.0,11,0,7,43.2,57.0,53.9
Adrien Russell,Washington Agents,F,9,31,31,13.5,7.4,3.2,6.9,45.8,0.7,2.1,34.8,0.4,0.5,64.7,3.1,0.6,1.2,1.2,0.7,0.2,0.4,-2.9,0,0,1,25.4,51.9,51.2
Alex Garza,Washington Agents,F,10,27,27,12.9,9.8,4.0,8.0,49.8,0.5,1.6,31.0,1.3,1.3,97.2,1.8,0.5,0.1,0.8,0.7,0.4,0.4,-3.7,0,0,0,27.3,56.7,52.8
Melo Hayes,Washington Agents,C,11,31,26,11.5,9.9,4.7,7.2,65.0,0.2,0.9,20.7,0.4,0.6,61.1,4.8,1.0,0.5,0.6,0.9,0.5,0.3,-1.1,0,0,2,41.9,66.5,66.4
Jamie Gates,Washington Agents,SG,5,31,7,11.7,10.9,4.7,7.5,63.1,0.9,2.1,43.8,0.5,0.5,100,1.8,0.3,1.0,0.6,0.3,0.3,0.7,-1.3,0,0,0,37.1,70.4,69.1
Samuel Pacheco,Washington Agents,C,7,31,5,12.1,7.1,3.3,5.7,57.9,0.2,0.9,22.2,0.3,0.6,44.4,6.2,1.1,1.6,0.4,1.4,0.4,0.5,-1.1,1,0,0,34.6,59.2,59.6
Lamarcus Howard,Washington Agents,F,11,31,4,11.0,5.9,2.4,5.3,44.5,0.7,1.7,42.3,0.5,0.5,88.2,2.8,0.6,1.6,0.4,0.7,0.5,0.5,-0.1,0,0,0,24.5,53.4,51.2
Nathan Mayhem,Washington Agents,F,10,31,0,10.7,6.4,2.8,6.0,46.2,0.5,1.5,34.8,0.3,0.5,62.5,2.5,0.6,0.1,0.5,0.9,0.4,0.7,0.5,0,0,0,21.0,51.3,50.5
Roland Davis,Washington Agents,G,2,31,0,7.8,4.0,1.7,4.0,41.9,0.5,1.5,33.3,0.2,0.3,62.5,0.7,0.2,2.4,0.4,0.2,0.3,0.5,-1.9,0,0,0,23.1,48.6,48.0
Mike Walker,Washington Agents,C,1,11,0,1.4,0.7,0.4,0.7,50.0,0.0,0.0,-,0.0,0.1,0.0,0.5,0.1,0.2,0.1,0.2,0.0,0.1,-0.7,0,0,0,27.1,47.4,50.0
Bobby Sittler,Washington Agents,F,R,17,0,2.1,1.3,0.6,1.0,58.8,0.1,0.2,33.3,0.1,0.2,33.3,0.4,0.1,0.2,0.0,0.2,0.0,0.1,1.1,0,0,0,24.7,60.0,61.8
Larnie Dural,Washington Agents,F,1,2,0,1.1,0.0,0.0,0.0,-,0.0,0.0,-,0.0,0.0,-,0.0,0.0,0.5,0.0,0.0,0.0,0.0,0.5,0,0,0,15.8,0.0,0.0
Patrick Griffith,Washington Agents,FC,R,4,0,2.9,1.3,0.5,0.8,66.7,0.3,0.5,50.0,0.0,0.0,-,0.0,0.0,0.0,0.0,0.0,0.3,0.0,1.8,0,0,0,14.5,83.3,83.3
Johnnie Ramsey,Free Agent,PG,3,0,0,0.0,0.0,0.0,0.0,-,0.0,0.0,-,0.0,0.0,-,0.0,0.0,0.0,0.0,0.0,0.0,0.0,0.0,0,0,0,0.0,0.0,0.0
Peter Gilbert,Free Agent,G,3,0,0,0.0,0.0,0.0,0.0,-,0.0,0.0,-,0.0,0.0,-,0.0,0.0,0.0,0.0,0.0,0.0,0.0,0.0,0,0,0,0.0,0.0,0.0
Seth Jackson,Free Agent,G,3,0,0,0.0,0.0,0.0,0.0,-,0.0,0.0,-,0.0,0.0,-,0.0,0.0,0.0,0.0,0.0,0.0,0.0,0.0,0,0,0,0.0,0.0,0.0
Darrell Glover,Free Agent,C,3,0,0,0.0,0.0,0.0,0.0,-,0.0,0.0,-,0.0,0.0,-,0.0,0.0,0.0,0.0,0.0,0.0,0.0,0.0,0,0,0,0.0,0.0,0.0
Guy Rhodes,Free Agent,C,4,0,0,0.0,0.0,0.0,0.0,-,0.0,0.0,-,0.0,0.0,-,0.0,0.0,0.0,0.0,0.0,0.0,0.0,0.0,0,0,0,0.0,0.0,0.0
Laurent Durand,Free Agent,G,4,0,0,0.0,0.0,0.0,0.0,-,0.0,0.0,-,0.0,0.0,-,0.0,0.0,0.0,0.0,0.0,0.0,0.0,0.0,0,0,0,0.0,0.0,0.0
Elmer Ward,Free Agent,G,4,0,0,0.0,0.0,0.0,0.0,-,0.0,0.0,-,0.0,0.0,-,0.0,0.0,0.0,0.0,0.0,0.0,0.0,0.0,0,0,0,0.0,0.0,0.0
Jonathan Dalton,Free Agent,SG,4,0,0,0.0,0.0,0.0,0.0,-,0.0,0.0,-,0.0,0.0,-,0.0,0.0,0.0,0.0,0.0,0.0,0.0,0.0,0,0,0,0.0,0.0,0.0
Daniel Robert,Free Agent,SG,3,0,0,0.0,0.0,0.0,0.0,-,0.0,0.0,-,0.0,0.0,-,0.0,0.0,0.0,0.0,0.0,0.0,0.0,0.0,0,0,0,0.0,0.0,0.0
Christopher Mahovlich,Free Agent,FC,3,0,0,0.0,0.0,0.0,0.0,-,0.0,0.0,-,0.0,0.0,-,0.0,0.0,0.0,0.0,0.0,0.0,0.0,0.0,0,0,0,0.0,0.0,0.0
Scott Cobb,Free Agent,FC,3,0,0,0.0,0.0,0.0,0.0,-,0.0,0.0,-,0.0,0.0,-,0.0,0.0,0.0,0.0,0.0,0.0,0.0,0.0,0,0,0,0.0,0.0,0.0
Stuart Hogan,Free Agent,PF,3,0,0,0.0,0.0,0.0,0.0,-,0.0,0.0,-,0.0,0.0,-,0.0,0.0,0.0,0.0,0.0,0.0,0.0,0.0,0,0,0,0.0,0.0,0.0
Sam Burns,Free Agent,F,4,0,0,0.0,0.0,0.0,0.0,-,0.0,0.0,-,0.0,0.0,-,0.0,0.0,0.0,0.0,0.0,0.0,0.0,0.0,0,0,0,0.0,0.0,0.0
Ivan Chandler,Free Agent,C,3,0,0,0.0,0.0,0.0,0.0,-,0.0,0.0,-,0.0,0.0,-,0.0,0.0,0.0,0.0,0.0,0.0,0.0,0.0,0,0,0,0.0,0.0,0.0
Kelly Becker,Free Agent,FC,4,0,0,0.0,0.0,0.0,0.0,-,0.0,0.0,-,0.0,0.0,-,0.0,0.0,0.0,0.0,0.0,0.0,0.0,0.0,0,0,0,0.0,0.0,0.0
Cayden Clifford,Free Agent,SF,4,0,0,0.0,0.0,0.0,0.0,-,0.0,0.0,-,0.0,0.0,-,0.0,0.0,0.0,0.0,0.0,0.0,0.0,0.0,0,0,0,0.0,0.0,0.0
Samuel Scott,Free Agent,GF,4,0,0,0.0,0.0,0.0,0.0,-,0.0,0.0,-,0.0,0.0,-,0.0,0.0,0.0,0.0,0.0,0.0,0.0,0.0,0,0,0,0.0,0.0,0.0
Dana Berry,Free Agent,SF,5,0,0,0.0,0.0,0.0,0.0,-,0.0,0.0,-,0.0,0.0,-,0.0,0.0,0.0,0.0,0.0,0.0,0.0,0.0,0,0,0,0.0,0.0,0.0
Donald Sparks,Free Agent,GF,4,0,0,0.0,0.0,0.0,0.0,-,0.0,0.0,-,0.0,0.0,-,0.0,0.0,0.0,0.0,0.0,0.0,0.0,0.0,0,0,0,0.0,0.0,0.0
Troy Simon,Free Agent,GF,3,0,0,0.0,0.0,0.0,0.0,-,0.0,0.0,-,0.0,0.0,-,0.0,0.0,0.0,0.0,0.0,0.0,0.0,0.0,0,0,0,0.0,0.0,0.0
Max Brooks,Free Agent,GF,3,0,0,0.0,0.0,0.0,0.0,-,0.0,0.0,-,0.0,0.0,-,0.0,0.0,0.0,0.0,0.0,0.0,0.0,0.0,0,0,0,0.0,0.0,0.0
Nelson Gross,Free Agent,C,4,0,0,0.0,0.0,0.0,0.0,-,0.0,0.0,-,0.0,0.0,-,0.0,0.0,0.0,0.0,0.0,0.0,0.0,0.0,0,0,0,0.0,0.0,0.0
Jimmie Glenn,Free Agent,G,3,0,0,0.0,0.0,0.0,0.0,-,0.0,0.0,-,0.0,0.0,-,0.0,0.0,0.0,0.0,0.0,0.0,0.0,0.0,0,0,0,0.0,0.0,0.0
Jon Ramsey,Free Agent,FC,4,0,0,0.0,0.0,0.0,0.0,-,0.0,0.0,-,0.0,0.0,-,0.0,0.0,0.0,0.0,0.0,0.0,0.0,0.0,0,0,0,0.0,0.0,0.0
Walter Cross,Free Agent,F,5,0,0,0.0,0.0,0.0,0.0,-,0.0,0.0,-,0.0,0.0,-,0.0,0.0,0.0,0.0,0.0,0.0,0.0,0.0,0,0,0,0.0,0.0,0.0
Rick Armstrong,Free Agent,C,R,0,0,0.0,0.0,0.0,0.0,-,0.0,0.0,-,0.0,0.0,-,0.0,0.0,0.0,0.0,0.0,0.0,0.0,0.0,0,0,0,0.0,0.0,0.0
Randy Wood,Free Agent,F,3,0,0,0.0,0.0,0.0,0.0,-,0.0,0.0,-,0.0,0.0,-,0.0,0.0,0.0,0.0,0.0,0.0,0.0,0.0,0,0,0,0.0,0.0,0.0
Freddie Barker,Free Agent,SF,4,0,0,0.0,0.0,0.0,0.0,-,0.0,0.0,-,0.0,0.0,-,0.0,0.0,0.0,0.0,0.0,0.0,0.0,0.0,0,0,0,0.0,0.0,0.0
Zach Gartner,Free Agent,F,4,0,0,0.0,0.0,0.0,0.0,-,0.0,0.0,-,0.0,0.0,-,0.0,0.0,0.0,0.0,0.0,0.0,0.0,0.0,0,0,0,0.0,0.0,0.0
Brent Wilcox,Free Agent,GF,3,0,0,0.0,0.0,0.0,0.0,-,0.0,0.0,-,0.0,0.0,-,0.0,0.0,0.0,0.0,0.0,0.0,0.0,0.0,0,0,0,0.0,0.0,0.0
Herbert Singleton,Free Agent,G,5,0,0,0.0,0.0,0.0,0.0,-,0.0,0.0,-,0.0,0.0,-,0.0,0.0,0.0,0.0,0.0,0.0,0.0,0.0,0,0,0,0.0,0.0,0.0
Ben Ballard,Free Agent,SG,3,0,0,0.0,0.0,0.0,0.0,-,0.0,0.0,-,0.0,0.0,-,0.0,0.0,0.0,0.0,0.0,0.0,0.0,0.0,0,0,0,0.0,0.0,0.0
Gordon Woods,Free Agent,SG,3,0,0,0.0,0.0,0.0,0.0,-,0.0,0.0,-,0.0,0.0,-,0.0,0.0,0.0,0.0,0.0,0.0,0.0,0.0,0,0,0,0.0,0.0,0.0
Troy Obrien,Free Agent,G,4,0,0,0.0,0.0,0.0,0.0,-,0.0,0.0,-,0.0,0.0,-,0.0,0.0,0.0,0.0,0.0,0.0,0.0,0.0,0,0,0,0.0,0.0,0.0
Dan Tyler,Free Agent,G,3,0,0,0.0,0.0,0.0,0.0,-,0.0,0.0,-,0.0,0.0,-,0.0,0.0,0.0,0.0,0.0,0.0,0.0,0.0,0,0,0,0.0,0.0,0.0
Joel Cunningham,Free Agent,PF,5,0,0,0.0,0.0,0.0,0.0,-,0.0,0.0,-,0.0,0.0,-,0.0,0.0,0.0,0.0,0.0,0.0,0.0,0.0,0,0,0,0.0,0.0,0.0
Derek Fox,Free Agent,G,3,0,0,0.0,0.0,0.0,0.0,-,0.0,0.0,-,0.0,0.0,-,0.0,0.0,0.0,0.0,0.0,0.0,0.0,0.0,0,0,0,0.0,0.0,0.0
Gerard Casey,Free Agent,C,4,0,0,0.0,0.0,0.0,0.0,-,0.0,0.0,-,0.0,0.0,-,0.0,0.0,0.0,0.0,0.0,0.0,0.0,0.0,0,0,0,0.0,0.0,0.0
Bradley Keller,Free Agent,FC,5,0,0,0.0,0.0,0.0,0.0,-,0.0,0.0,-,0.0,0.0,-,0.0,0.0,0.0,0.0,0.0,0.0,0.0,0.0,0,0,0,0.0,0.0,0.0
Damin Colb,Free Agent,C,8,0,0,0.0,0.0,0.0,0.0,-,0.0,0.0,-,0.0,0.0,-,0.0,0.0,0.0,0.0,0.0,0.0,0.0,0.0,0,0,0,0.0,0.0,0.0
Clayton Ali,Free Agent,SF,2,0,0,0.0,0.0,0.0,0.0,-,0.0,0.0,-,0.0,0.0,-,0.0,0.0,0.0,0.0,0.0,0.0,0.0,0.0,0,0,0,0.0,0.0,0.0
Luis Larson,Free Agent,GF,R,0,0,0.0,0.0,0.0,0.0,-,0.0,0.0,-,0.0,0.0,-,0.0,0.0,0.0,0.0,0.0,0.0,0.0,0.0,0,0,0,0.0,0.0,0.0
Leonel Felicio,Free Agent,F,8,0,0,0.0,0.0,0.0,0.0,-,0.0,0.0,-,0.0,0.0,-,0.0,0.0,0.0,0.0,0.0,0.0,0.0,0.0,0,0,0,0.0,0.0,0.0
Tony Hoover,Free Agent,GF,2,0,0,0.0,0.0,0.0,0.0,-,0.0,0.0,-,0.0,0.0,-,0.0,0.0,0.0,0.0,0.0,0.0,0.0,0.0,0,0,0,0.0,0.0,0.0
Karl Lawson,Free Agent,G,9,0,0,0.0,0.0,0.0,0.0,-,0.0,0.0,-,0.0,0.0,-,0.0,0.0,0.0,0.0,0.0,0.0,0.0,0.0,0,0,0,0.0,0.0,0.0
Bruce Elliott,Free Agent,G,1,0,0,0.0,0.0,0.0,0.0,-,0.0,0.0,-,0.0,0.0,-,0.0,0.0,0.0,0.0,0.0,0.0,0.0,0.0,0,0,0,0.0,0.0,0.0
Hubert Cox,Free Agent,SG,4,0,0,0.0,0.0,0.0,0.0,-,0.0,0.0,-,0.0,0.0,-,0.0,0.0,0.0,0.0,0.0,0.0,0.0,0.0,0,0,0,0.0,0.0,0.0
Daren Scorpio,Free Agent,G,12,0,0,0.0,0.0,0.0,0.0,-,0.0,0.0,-,0.0,0.0,-,0.0,0.0,0.0,0.0,0.0,0.0,0.0,0.0,0,0,0,0.0,0.0,0.0
Brandon Kirby,Free Agent,G,3,0,0,0.0,0.0,0.0,0.0,-,0.0,0.0,-,0.0,0.0,-,0.0,0.0,0.0,0.0,0.0,0.0,0.0,0.0,0,0,0,0.0,0.0,0.0
Douglas Kirk,Free Agent,SG,4,0,0,0.0,0.0,0.0,0.0,-,0.0,0.0,-,0.0,0.0,-,0.0,0.0,0.0,0.0,0.0,0.0,0.0,0.0,0,0,0,0.0,0.0,0.0
Tommy Cochran,Free Agent,FC,3,0,0,0.0,0.0,0.0,0.0,-,0.0,0.0,-,0.0,0.0,-,0.0,0.0,0.0,0.0,0.0,0.0,0.0,0.0,0,0,0,0.0,0.0,0.0
Lloyd Pearson,Free Agent,FC,1,0,0,0.0,0.0,0.0,0.0,-,0.0,0.0,-,0.0,0.0,-,0.0,0.0,0.0,0.0,0.0,0.0,0.0,0.0,0,0,0,0.0,0.0,0.0
Philip Bryant,Free Agent,SG,10,0,0,0.0,0.0,0.0,0.0,-,0.0,0.0,-,0.0,0.0,-,0.0,0.0,0.0,0.0,0.0,0.0,0.0,0.0,0,0,0,0.0,0.0,0.0
Jake Kerr,Free Agent,C,1,0,0,0.0,0.0,0.0,0.0,-,0.0,0.0,-,0.0,0.0,-,0.0,0.0,0.0,0.0,0.0,0.0,0.0,0.0,0,0,0,0.0,0.0,0.0
Lester Dalton,Free Agent,FC,1,0,0,0.0,0.0,0.0,0.0,-,0.0,0.0,-,0.0,0.0,-,0.0,0.0,0.0,0.0,0.0,0.0,0.0,0.0,0,0,0,0.0,0.0,0.0
Miguel Rodriguez,Free Agent,PF,R,0,0,0.0,0.0,0.0,0.0,-,0.0,0.0,-,0.0,0.0,-,0.0,0.0,0.0,0.0,0.0,0.0,0.0,0.0,0,0,0,0.0,0.0,0.0
Greg Ward,Free Agent,F,R,0,0,0.0,0.0,0.0,0.0,-,0.0,0.0,-,0.0,0.0,-,0.0,0.0,0.0,0.0,0.0,0.0,0.0,0.0,0,0,0,0.0,0.0,0.0
Ray Walker,Free Agent,C,1,0,0,0.0,0.0,0.0,0.0,-,0.0,0.0,-,0.0,0.0,-,0.0,0.0,0.0,0.0,0.0,0.0,0.0,0.0,0,0,0,0.0,0.0,0.0
Ed Davidson,Free Agent,F,6,0,0,0.0,0.0,0.0,0.0,-,0.0,0.0,-,0.0,0.0,-,0.0,0.0,0.0,0.0,0.0,0.0,0.0,0.0,0,0,0,0.0,0.0,0.0
Joel Hammond,Free Agent,C,7,0,0,0.0,0.0,0.0,0.0,-,0.0,0.0,-,0.0,0.0,-,0.0,0.0,0.0,0.0,0.0,0.0,0.0,0.0,0,0,0,0.0,0.0,0.0
Vernon Reed,Free Agent,C,R,0,0,0.0,0.0,0.0,0.0,-,0.0,0.0,-,0.0,0.0,-,0.0,0.0,0.0,0.0,0.0,0.0,0.0,0.0,0,0,0,0.0,0.0,0.0
Carlton Cooper,Free Agent,G,5,0,0,0.0,0.0,0.0,0.0,-,0.0,0.0,-,0.0,0.0,-,0.0,0.0,0.0,0.0,0.0,0.0,0.0,0.0,0,0,0,0.0,0.0,0.0
Simon Gregory,Free Agent,GF,R,0,0,0.0,0.0,0.0,0.0,-,0.0,0.0,-,0.0,0.0,-,0.0,0.0,0.0,0.0,0.0,0.0,0.0,0.0,0,0,0,0.0,0.0,0.0
Francis Erickson,Free Agent,GF,4,0,0,0.0,0.0,0.0,0.0,-,0.0,0.0,-,0.0,0.0,-,0.0,0.0,0.0,0.0,0.0,0.0,0.0,0.0,0,0,0,0.0,0.0,0.0
Keith Wolfe,Free Agent,GF,R,0,0,0.0,0.0,0.0,0.0,-,0.0,0.0,-,0.0,0.0,-,0.0,0.0,0.0,0.0,0.0,0.0,0.0,0.0,0,0,0,0.0,0.0,0.0
Joshua Sparks,Free Agent,FC,1,0,0,0.0,0.0,0.0,0.0,-,0.0,0.0,-,0.0,0.0,-,0.0,0.0,0.0,0.0,0.0,0.0,0.0,0.0,0,0,0,0.0,0.0,0.0
Dino Turgeon,Free Agent,C,3,0,0,0.0,0.0,0.0,0.0,-,0.0,0.0,-,0.0,0.0,-,0.0,0.0,0.0,0.0,0.0,0.0,0.0,0.0,0,0,0,0.0,0.0,0.0
Julian Stewart,Free Agent,F,2,0,0,0.0,0.0,0.0,0.0,-,0.0,0.0,-,0.0,0.0,-,0.0,0.0,0.0,0.0,0.0,0.0,0.0,0.0,0,0,0,0.0,0.0,0.0
Fred Allen,Free Agent,SF,5,0,0,0.0,0.0,0.0,0.0,-,0.0,0.0,-,0.0,0.0,-,0.0,0.0,0.0,0.0,0.0,0.0,0.0,0.0,0,0,0,0.0,0.0,0.0
Louis Duncan,Free Agent,FC,6,0,0,0.0,0.0,0.0,0.0,-,0.0,0.0,-,0.0,0.0,-,0.0,0.0,0.0,0.0,0.0,0.0,0.0,0.0,0,0,0,0.0,0.0,0.0
Cory Dean,Free Agent,GF,R,0,0,0.0,0.0,0.0,0.0,-,0.0,0.0,-,0.0,0.0,-,0.0,0.0,0.0,0.0,0.0,0.0,0.0,0.0,0,0,0,0.0,0.0,0.0
Chad Warner,Free Agent,FC,2,0,0,0.0,0.0,0.0,0.0,-,0.0,0.0,-,0.0,0.0,-,0.0,0.0,0.0,0.0,0.0,0.0,0.0,0.0,0,0,0,0.0,0.0,0.0
Guy Ward,Free Agent,SG,6,0,0,0.0,0.0,0.0,0.0,-,0.0,0.0,-,0.0,0.0,-,0.0,0.0,0.0,0.0,0.0,0.0,0.0,0.0,0,0,0,0.0,0.0,0.0
James Cobb,Free Agent,GF,R,0,0,0.0,0.0,0.0,0.0,-,0.0,0.0,-,0.0,0.0,-,0.0,0.0,0.0,0.0,0.0,0.0,0.0,0.0,0,0,0,0.0,0.0,0.0
Jesse Larsen,Free Agent,F,2,0,0,0.0,0.0,0.0,0.0,-,0.0,0.0,-,0.0,0.0,-,0.0,0.0,0.0,0.0,0.0,0.0,0.0,0.0,0,0,0,0.0,0.0,0.0
Seth Hammond,Free Agent,PG,3,0,0,0.0,0.0,0.0,0.0,-,0.0,0.0,-,0.0,0.0,-,0.0,0.0,0.0,0.0,0.0,0.0,0.0,0.0,0,0,0,0.0,0.0,0.0
Joel Watkins,Free Agent,G,1,0,0,0.0,0.0,0.0,0.0,-,0.0,0.0,-,0.0,0.0,-,0.0,0.0,0.0,0.0,0.0,0.0,0.0,0.0,0,0,0,0.0,0.0,0.0
Corey Jordan,Free Agent,PG,6,0,0,0.0,0.0,0.0,0.0,-,0.0,0.0,-,0.0,0.0,-,0.0,0.0,0.0,0.0,0.0,0.0,0.0,0.0,0,0,0,0.0,0.0,0.0
Marc Mitchell,Free Agent,GF,R,0,0,0.0,0.0,0.0,0.0,-,0.0,0.0,-,0.0,0.0,-,0.0,0.0,0.0,0.0,0.0,0.0,0.0,0.0,0,0,0,0.0,0.0,0.0
Zack Helm,Free Agent,C,1,0,0,0.0,0.0,0.0,0.0,-,0.0,0.0,-,0.0,0.0,-,0.0,0.0,0.0,0.0,0.0,0.0,0.0,0.0,0,0,0,0.0,0.0,0.0
Otis Newton,Free Agent,FC,3,0,0,0.0,0.0,0.0,0.0,-,0.0,0.0,-,0.0,0.0,-,0.0,0.0,0.0,0.0,0.0,0.0,0.0,0.0,0,0,0,0.0,0.0,0.0
Kyle Reese,Free Agent,GF,4,0,0,0.0,0.0,0.0,0.0,-,0.0,0.0,-,0.0,0.0,-,0.0,0.0,0.0,0.0,0.0,0.0,0.0,0.0,0,0,0,0.0,0.0,0.0
Donovan Lewis,Free Agent,C,8,0,0,0.0,0.0,0.0,0.0,-,0.0,0.0,-,0.0,0.0,-,0.0,0.0,0.0,0.0,0.0,0.0,0.0,0.0,0,0,0,0.0,0.0,0.0
Cedric Hardwicke,Free Agent,C,18,0,0,0.0,0.0,0.0,0.0,-,0.0,0.0,-,0.0,0.0,-,0.0,0.0,0.0,0.0,0.0,0.0,0.0,0.0,0,0,0,0.0,0.0,0.0
Tommy Payne,Free Agent,PF,4,0,0,0.0,0.0,0.0,0.0,-,0.0,0.0,-,0.0,0.0,-,0.0,0.0,0.0,0.0,0.0,0.0,0.0,0.0,0,0,0,0.0,0.0,0.0
Ray Chambers,Free Agent,FC,2,0,0,0.0,0.0,0.0,0.0,-,0.0,0.0,-,0.0,0.0,-,0.0,0.0,0.0,0.0,0.0,0.0,0.0,0.0,0,0,0,0.0,0.0,0.0
Peter Marks,Free Agent,SF,R,0,0,0.0,0.0,0.0,0.0,-,0.0,0.0,-,0.0,0.0,-,0.0,0.0,0.0,0.0,0.0,0.0,0.0,0.0,0,0,0,0.0,0.0,0.0
Richard Potter,Free Agent,PG,3,0,0,0.0,0.0,0.0,0.0,-,0.0,0.0,-,0.0,0.0,-,0.0,0.0,0.0,0.0,0.0,0.0,0.0,0.0,0,0,0,0.0,0.0,0.0
Leslie Wilkinson,Free Agent,PF,6,0,0,0.0,0.0,0.0,0.0,-,0.0,0.0,-,0.0,0.0,-,0.0,0.0,0.0,0.0,0.0,0.0,0.0,0.0,0,0,0,0.0,0.0,0.0
Nicholas Daniel,Free Agent,PG,6,0,0,0.0,0.0,0.0,0.0,-,0.0,0.0,-,0.0,0.0,-,0.0,0.0,0.0,0.0,0.0,0.0,0.0,0.0,0,0,0,0.0,0.0,0.0
Eddie Chambers,Free Agent,G,3,0,0,0.0,0.0,0.0,0.0,-,0.0,0.0,-,0.0,0.0,-,0.0,0.0,0.0,0.0,0.0,0.0,0.0,0.0,0,0,0,0.0,0.0,0.0
Shawn Allen,Free Agent,SG,3,0,0,0.0,0.0,0.0,0.0,-,0.0,0.0,-,0.0,0.0,-,0.0,0.0,0.0,0.0,0.0,0.0,0.0,0.0,0,0,0,0.0,0.0,0.0
Riley Losleben,Free Agent,F,12,0,0,0.0,0.0,0.0,0.0,-,0.0,0.0,-,0.0,0.0,-,0.0,0.0,0.0,0.0,0.0,0.0,0.0,0.0,0,0,0,0.0,0.0,0.0
Neil Robbins,Free Agent,PF,R,0,0,0.0,0.0,0.0,0.0,-,0.0,0.0,-,0.0,0.0,-,0.0,0.0,0.0,0.0,0.0,0.0,0.0,0.0,0,0,0,0.0,0.0,0.0
Kenneth Humphrey,Free Agent,G,3,0,0,0.0,0.0,0.0,0.0,-,0.0,0.0,-,0.0,0.0,-,0.0,0.0,0.0,0.0,0.0,0.0,0.0,0.0,0,0,0,0.0,0.0,0.0
Jack Henderson,Free Agent,F,1,0,0,0.0,0.0,0.0,0.0,-,0.0,0.0,-,0.0,0.0,-,0.0,0.0,0.0,0.0,0.0,0.0,0.0,0.0,0,0,0,0.0,0.0,0.0
Brenden Thompson,Free Agent,F,4,0,0,0.0,0.0,0.0,0.0,-,0.0,0.0,-,0.0,0.0,-,0.0,0.0,0.0,0.0,0.0,0.0,0.0,0.0,0,0,0,0.0,0.0,0.0
George Anthony,Free Agent,GF,1,0,0,0.0,0.0,0.0,0.0,-,0.0,0.0,-,0.0,0.0,-,0.0,0.0,0.0,0.0,0.0,0.0,0.0,0.0,0,0,0,0.0,0.0,0.0
Charles Davenport,Free Agent,SF,2,0,0,0.0,0.0,0.0,0.0,-,0.0,0.0,-,0.0,0.0,-,0.0,0.0,0.0,0.0,0.0,0.0,0.0,0.0,0,0,0,0.0,0.0,0.0
Gerald Mueller,Free Agent,SF,3,0,0,0.0,0.0,0.0,0.0,-,0.0,0.0,-,0.0,0.0,-,0.0,0.0,0.0,0.0,0.0,0.0,0.0,0.0,0,0,0,0.0,0.0,0.0
Justin Vincent,Free Agent,G,6,0,0,0.0,0.0,0.0,0.0,-,0.0,0.0,-,0.0,0.0,-,0.0,0.0,0.0,0.0,0.0,0.0,0.0,0.0,0,0,0,0.0,0.0,0.0
Andrew Watkins,Free Agent,F,1,0,0,0.0,0.0,0.0,0.0,-,0.0,0.0,-,0.0,0.0,-,0.0,0.0,0.0,0.0,0.0,0.0,0.0,0.0,0,0,0,0.0,0.0,0.0
Tim Scott,Free Agent,FC,3,0,0,0.0,0.0,0.0,0.0,-,0.0,0.0,-,0.0,0.0,-,0.0,0.0,0.0,0.0,0.0,0.0,0.0,0.0,0,0,0,0.0,0.0,0.0
Mateo Holden,Free Agent,C,2,0,0,0.0,0.0,0.0,0.0,-,0.0,0.0,-,0.0,0.0,-,0.0,0.0,0.0,0.0,0.0,0.0,0.0,0.0,0,0,0,0.0,0.0,0.0
Glenn Gardner,Free Agent,GF,3,0,0,0.0,0.0,0.0,0.0,-,0.0,0.0,-,0.0,0.0,-,0.0,0.0,0.0,0.0,0.0,0.0,0.0,0.0,0,0,0,0.0,0.0,0.0
Troy Schultz,Free Agent,G,6,0,0,0.0,0.0,0.0,0.0,-,0.0,0.0,-,0.0,0.0,-,0.0,0.0,0.0,0.0,0.0,0.0,0.0,0.0,0,0,0,0.0,0.0,0.0
Bobby Porter,Free Agent,PG,6,0,0,0.0,0.0,0.0,0.0,-,0.0,0.0,-,0.0,0.0,-,0.0,0.0,0.0,0.0,0.0,0.0,0.0,0.0,0,0,0,0.0,0.0,0.0
Gordon Curtis,Free Agent,G,3,0,0,0.0,0.0,0.0,0.0,-,0.0,0.0,-,0.0,0.0,-,0.0,0.0,0.0,0.0,0.0,0.0,0.0,0.0,0,0,0,0.0,0.0,0.0
Perry Barrett,Free Agent,SF,2,0,0,0.0,0.0,0.0,0.0,-,0.0,0.0,-,0.0,0.0,-,0.0,0.0,0.0,0.0,0.0,0.0,0.0,0.0,0,0,0,0.0,0.0,0.0
Dan Sparks,Free Agent,F,2,0,0,0.0,0.0,0.0,0.0,-,0.0,0.0,-,0.0,0.0,-,0.0,0.0,0.0,0.0,0.0,0.0,0.0,0.0,0,0,0,0.0,0.0,0.0
Matthew Farrell,Free Agent,GF,3,0,0,0.0,0.0,0.0,0.0,-,0.0,0.0,-,0.0,0.0,-,0.0,0.0,0.0,0.0,0.0,0.0,0.0,0.0,0,0,0,0.0,0.0,0.0
Alexander Leonard,Free Agent,F,7,0,0,0.0,0.0,0.0,0.0,-,0.0,0.0,-,0.0,0.0,-,0.0,0.0,0.0,0.0,0.0,0.0,0.0,0.0,0,0,0,0.0,0.0,0.0
Lyle Clarke,Free Agent,FC,3,0,0,0.0,0.0,0.0,0.0,-,0.0,0.0,-,0.0,0.0,-,0.0,0.0,0.0,0.0,0.0,0.0,0.0,0.0,0,0,0,0.0,0.0,0.0
Christian Dubois,Free Agent,SG,3,0,0,0.0,0.0,0.0,0.0,-,0.0,0.0,-,0.0,0.0,-,0.0,0.0,0.0,0.0,0.0,0.0,0.0,0.0,0,0,0,0.0,0.0,0.0
Jeffery Simmons,Free Agent,FC,5,0,0,0.0,0.0,0.0,0.0,-,0.0,0.0,-,0.0,0.0,-,0.0,0.0,0.0,0.0,0.0,0.0,0.0,0.0,0,0,0,0.0,0.0,0.0
Jerome Wright,Free Agent,G,3,0,0,0.0,0.0,0.0,0.0,-,0.0,0.0,-,0.0,0.0,-,0.0,0.0,0.0,0.0,0.0,0.0,0.0,0.0,0,0,0,0.0,0.0,0.0
Barry Simpson,Free Agent,C,3,0,0,0.0,0.0,0.0,0.0,-,0.0,0.0,-,0.0,0.0,-,0.0,0.0,0.0,0.0,0.0,0.0,0.0,0.0,0,0,0,0.0,0.0,0.0
Nathaniel Jones,Free Agent,SF,5,0,0,0.0,0.0,0.0,0.0,-,0.0,0.0,-,0.0,0.0,-,0.0,0.0,0.0,0.0,0.0,0.0,0.0,0.0,0,0,0,0.0,0.0,0.0
Clinton Freeman,Free Agent,FC,2,0,0,0.0,0.0,0.0,0.0,-,0.0,0.0,-,0.0,0.0,-,0.0,0.0,0.0,0.0,0.0,0.0,0.0,0.0,0,0,0,0.0,0.0,0.0
Austin Palmer,Free Agent,G,5,0,0,0.0,0.0,0.0,0.0,-,0.0,0.0,-,0.0,0.0,-,0.0,0.0,0.0,0.0,0.0,0.0,0.0,0.0,0,0,0,0.0,0.0,0.0
Brandon Jordan,Free Agent,GF,5,0,0,0.0,0.0,0.0,0.0,-,0.0,0.0,-,0.0,0.0,-,0.0,0.0,0.0,0.0,0.0,0.0,0.0,0.0,0,0,0,0.0,0.0,0.0
Jerome Reed,Free Agent,PG,3,0,0,0.0,0.0,0.0,0.0,-,0.0,0.0,-,0.0,0.0,-,0.0,0.0,0.0,0.0,0.0,0.0,0.0,0.0,0,0,0,0.0,0.0,0.0
Norman Miller,Free Agent,G,1,0,0,0.0,0.0,0.0,0.0,-,0.0,0.0,-,0.0,0.0,-,0.0,0.0,0.0,0.0,0.0,0.0,0.0,0.0,0,0,0,0.0,0.0,0.0
Vladimir Javanovic,Free Agent,C,7,0,0,0.0,0.0,0.0,0.0,-,0.0,0.0,-,0.0,0.0,-,0.0,0.0,0.0,0.0,0.0,0.0,0.0,0.0,0,0,0,0.0,0.0,0.0
Dwayne Henry,Free Agent,C,1,0,0,0.0,0.0,0.0,0.0,-,0.0,0.0,-,0.0,0.0,-,0.0,0.0,0.0,0.0,0.0,0.0,0.0,0.0,0,0,0,0.0,0.0,0.0
Daniel Bullock,Free Agent,GF,2,0,0,0.0,0.0,0.0,0.0,-,0.0,0.0,-,0.0,0.0,-,0.0,0.0,0.0,0.0,0.0,0.0,0.0,0.0,0,0,0,0.0,0.0,0.0
Stephen Oliver,Free Agent,GF,4,0,0,0.0,0.0,0.0,0.0,-,0.0,0.0,-,0.0,0.0,-,0.0,0.0,0.0,0.0,0.0,0.0,0.0,0.0,0,0,0,0.0,0.0,0.0
Joe Coleman,Free Agent,FC,5,0,0,0.0,0.0,0.0,0.0,-,0.0,0.0,-,0.0,0.0,-,0.0,0.0,0.0,0.0,0.0,0.0,0.0,0.0,0,0,0,0.0,0.0,0.0
Erik Bailey,Free Agent,G,7,0,0,0.0,0.0,0.0,0.0,-,0.0,0.0,-,0.0,0.0,-,0.0,0.0,0.0,0.0,0.0,0.0,0.0,0.0,0,0,0,0.0,0.0,0.0
Michael Edwards,Free Agent,FC,1,0,0,0.0,0.0,0.0,0.0,-,0.0,0.0,-,0.0,0.0,-,0.0,0.0,0.0,0.0,0.0,0.0,0.0,0.0,0,0,0,0.0,0.0,0.0
Kenny Green,Free Agent,PG,6,0,0,0.0,0.0,0.0,0.0,-,0.0,0.0,-,0.0,0.0,-,0.0,0.0,0.0,0.0,0.0,0.0,0.0,0.0,0,0,0,0.0,0.0,0.0
Darrell Wiggins,Free Agent,FC,6,0,0,0.0,0.0,0.0,0.0,-,0.0,0.0,-,0.0,0.0,-,0.0,0.0,0.0,0.0,0.0,0.0,0.0,0.0,0,0,0,0.0,0.0,0.0
Gerard Poole,Free Agent,G,3,0,0,0.0,0.0,0.0,0.0,-,0.0,0.0,-,0.0,0.0,-,0.0,0.0,0.0,0.0,0.0,0.0,0.0,0.0,0,0,0,0.0,0.0,0.0
Vincent Tyler,Free Agent,SG,2,0,0,0.0,0.0,0.0,0.0,-,0.0,0.0,-,0.0,0.0,-,0.0,0.0,0.0,0.0,0.0,0.0,0.0,0.0,0,0,0,0.0,0.0,0.0
Mike MacInnis,Free Agent,PF,5,0,0,0.0,0.0,0.0,0.0,-,0.0,0.0,-,0.0,0.0,-,0.0,0.0,0.0,0.0,0.0,0.0,0.0,0.0,0,0,0,0.0,0.0,0.0
Steve Spurgeon,Free Agent,FC,5,0,0,0.0,0.0,0.0,0.0,-,0.0,0.0,-,0.0,0.0,-,0.0,0.0,0.0,0.0,0.0,0.0,0.0,0.0,0,0,0,0.0,0.0,0.0
Lawrence Kirk,Free Agent,PG,1,0,0,0.0,0.0,0.0,0.0,-,0.0,0.0,-,0.0,0.0,-,0.0,0.0,0.0,0.0,0.0,0.0,0.0,0.0,0,0,0,0.0,0.0,0.0
Gary Ali,Free Agent,FC,2,0,0,0.0,0.0,0.0,0.0,-,0.0,0.0,-,0.0,0.0,-,0.0,0.0,0.0,0.0,0.0,0.0,0.0,0.0,0,0,0,0.0,0.0,0.0
George Bridges,Free Agent,G,2,0,0,0.0,0.0,0.0,0.0,-,0.0,0.0,-,0.0,0.0,-,0.0,0.0,0.0,0.0,0.0,0.0,0.0,0.0,0,0,0,0.0,0.0,0.0
Edward Summers,Free Agent,GF,3,0,0,0.0,0.0,0.0,0.0,-,0.0,0.0,-,0.0,0.0,-,0.0,0.0,0.0,0.0,0.0,0.0,0.0,0.0,0,0,0,0.0,0.0,0.0
Marcus Webb,Free Agent,GF,4,0,0,0.0,0.0,0.0,0.0,-,0.0,0.0,-,0.0,0.0,-,0.0,0.0,0.0,0.0,0.0,0.0,0.0,0.0,0,0,0,0.0,0.0,0.0
Randall Davis,Free Agent,FC,6,0,0,0.0,0.0,0.0,0.0,-,0.0,0.0,-,0.0,0.0,-,0.0,0.0,0.0,0.0,0.0,0.0,0.0,0.0,0,0,0,0.0,0.0,0.0
Sire Wilson,Free Agent,F,10,0,0,0.0,0.0,0.0,0.0,-,0.0,0.0,-,0.0,0.0,-,0.0,0.0,0.0,0.0,0.0,0.0,0.0,0.0,0,0,0,0.0,0.0,0.0
Gilbert Johnson,Free Agent,FC,1,0,0,0.0,0.0,0.0,0.0,-,0.0,0.0,-,0.0,0.0,-,0.0,0.0,0.0,0.0,0.0,0.0,0.0,0.0,0,0,0,0.0,0.0,0.0
Jack Daniels,Free Agent,PG,5,0,0,0.0,0.0,0.0,0.0,-,0.0,0.0,-,0.0,0.0,-,0.0,0.0,0.0,0.0,0.0,0.0,0.0,0.0,0,0,0,0.0,0.0,0.0
Robin Davidson,Free Agent,SF,6,0,0,0.0,0.0,0.0,0.0,-,0.0,0.0,-,0.0,0.0,-,0.0,0.0,0.0,0.0,0.0,0.0,0.0,0.0,0,0,0,0.0,0.0,0.0
Danny Kemp,Free Agent,GF,5,0,0,0.0,0.0,0.0,0.0,-,0.0,0.0,-,0.0,0.0,-,0.0,0.0,0.0,0.0,0.0,0.0,0.0,0.0,0,0,0,0.0,0.0,0.0
Justin Ceci,Free Agent,GF,6,0,0,0.0,0.0,0.0,0.0,-,0.0,0.0,-,0.0,0.0,-,0.0,0.0,0.0,0.0,0.0,0.0,0.0,0.0,0,0,0,0.0,0.0,0.0
Kirk Stevenson,Free Agent,F,2,0,0,0.0,0.0,0.0,0.0,-,0.0,0.0,-,0.0,0.0,-,0.0,0.0,0.0,0.0,0.0,0.0,0.0,0.0,0,0,0,0.0,0.0,0.0
Roger Jones,Free Agent,F,3,0,0,0.0,0.0,0.0,0.0,-,0.0,0.0,-,0.0,0.0,-,0.0,0.0,0.0,0.0,0.0,0.0,0.0,0.0,0,0,0,0.0,0.0,0.0
Tim Carroll,Free Agent,PG,1,0,0,0.0,0.0,0.0,0.0,-,0.0,0.0,-,0.0,0.0,-,0.0,0.0,0.0,0.0,0.0,0.0,0.0,0.0,0,0,0,0.0,0.0,0.0
Damon Holt,Free Agent,GF,3,0,0,0.0,0.0,0.0,0.0,-,0.0,0.0,-,0.0,0.0,-,0.0,0.0,0.0,0.0,0.0,0.0,0.0,0.0,0,0,0,0.0,0.0,0.0
Hubert Daniel,Free Agent,F,9,0,0,0.0,0.0,0.0,0.0,-,0.0,0.0,-,0.0,0.0,-,0.0,0.0,0.0,0.0,0.0,0.0,0.0,0.0,0,0,0,0.0,0.0,0.0
Gordon Watkins,Free Agent,G,2,0,0,0.0,0.0,0.0,0.0,-,0.0,0.0,-,0.0,0.0,-,0.0,0.0,0.0,0.0,0.0,0.0,0.0,0.0,0,0,0,0.0,0.0,0.0
Randy Willis,Free Agent,FC,3,0,0,0.0,0.0,0.0,0.0,-,0.0,0.0,-,0.0,0.0,-,0.0,0.0,0.0,0.0,0.0,0.0,0.0,0.0,0,0,0,0.0,0.0,0.0
Jerry Thornton,Free Agent,G,3,0,0,0.0,0.0,0.0,0.0,-,0.0,0.0,-,0.0,0.0,-,0.0,0.0,0.0,0.0,0.0,0.0,0.0,0.0,0,0,0,0.0,0.0,0.0
Darryl Todd,Free Agent,C,6,0,0,0.0,0.0,0.0,0.0,-,0.0,0.0,-,0.0,0.0,-,0.0,0.0,0.0,0.0,0.0,0.0,0.0,0.0,0,0,0,0.0,0.0,0.0
Ronnie Hanson,Free Agent,F,3,0,0,0.0,0.0,0.0,0.0,-,0.0,0.0,-,0.0,0.0,-,0.0,0.0,0.0,0.0,0.0,0.0,0.0,0.0,0,0,0,0.0,0.0,0.0
Ken Woods,Free Agent,PF,1,0,0,0.0,0.0,0.0,0.0,-,0.0,0.0,-,0.0,0.0,-,0.0,0.0,0.0,0.0,0.0,0.0,0.0,0.0,0,0,0,0.0,0.0,0.0
Cory Watkins,Free Agent,SF,2,0,0,0.0,0.0,0.0,0.0,-,0.0,0.0,-,0.0,0.0,-,0.0,0.0,0.0,0.0,0.0,0.0,0.0,0.0,0,0,0,0.0,0.0,0.0
Dana Keller,Free Agent,SF,15,0,0,0.0,0.0,0.0,0.0,-,0.0,0.0,-,0.0,0.0,-,0.0,0.0,0.0,0.0,0.0,0.0,0.0,0.0,0,0,0,0.0,0.0,0.0
Mario Howell,Free Agent,C,6,0,0,0.0,0.0,0.0,0.0,-,0.0,0.0,-,0.0,0.0,-,0.0,0.0,0.0,0.0,0.0,0.0,0.0,0.0,0,0,0,0.0,0.0,0.0
Fredrick Baker,Free Agent,GF,5,0,0,0.0,0.0,0.0,0.0,-,0.0,0.0,-,0.0,0.0,-,0.0,0.0,0.0,0.0,0.0,0.0,0.0,0.0,0,0,0,0.0,0.0,0.0
Nathan Green,Free Agent,FC,3,0,0,0.0,0.0,0.0,0.0,-,0.0,0.0,-,0.0,0.0,-,0.0,0.0,0.0,0.0,0.0,0.0,0.0,0.0,0,0,0,0.0,0.0,0.0
Chad Hood,Free Agent,GF,6,0,0,0.0,0.0,0.0,0.0,-,0.0,0.0,-,0.0,0.0,-,0.0,0.0,0.0,0.0,0.0,0.0,0.0,0.0,0,0,0,0.0,0.0,0.0
Adam Kramer,Free Agent,GF,6,0,0,0.0,0.0,0.0,0.0,-,0.0,0.0,-,0.0,0.0,-,0.0,0.0,0.0,0.0,0.0,0.0,0.0,0.0,0,0,0,0.0,0.0,0.0
Kelly Hampton,Free Agent,SG,5,0,0,0.0,0.0,0.0,0.0,-,0.0,0.0,-,0.0,0.0,-,0.0,0.0,0.0,0.0,0.0,0.0,0.0,0.0,0,0,0,0.0,0.0,0.0
Carlton Marks,Free Agent,G,11,0,0,0.0,0.0,0.0,0.0,-,0.0,0.0,-,0.0,0.0,-,0.0,0.0,0.0,0.0,0.0,0.0,0.0,0.0,0,0,0,0.0,0.0,0.0
Theodore Greer,Free Agent,GF,5,0,0,0.0,0.0,0.0,0.0,-,0.0,0.0,-,0.0,0.0,-,0.0,0.0,0.0,0.0,0.0,0.0,0.0,0.0,0,0,0,0.0,0.0,0.0
Jimmie Hale,Free Agent,G,5,0,0,0.0,0.0,0.0,0.0,-,0.0,0.0,-,0.0,0.0,-,0.0,0.0,0.0,0.0,0.0,0.0,0.0,0.0,0,0,0,0.0,0.0,0.0
William Ross,Free Agent,FC,5,0,0,0.0,0.0,0.0,0.0,-,0.0,0.0,-,0.0,0.0,-,0.0,0.0,0.0,0.0,0.0,0.0,0.0,0.0,0,0,0,0.0,0.0,0.0
Simon Lane,Free Agent,FC,5,0,0,0.0,0.0,0.0,0.0,-,0.0,0.0,-,0.0,0.0,-,0.0,0.0,0.0,0.0,0.0,0.0,0.0,0.0,0,0,0,0.0,0.0,0.0
Joe Henderson,Free Agent,F,7,0,0,0.0,0.0,0.0,0.0,-,0.0,0.0,-,0.0,0.0,-,0.0,0.0,0.0,0.0,0.0,0.0,0.0,0.0,0,0,0,0.0,0.0,0.0
Leonard Lawrence,Free Agent,G,6,0,0,0.0,0.0,0.0,0.0,-,0.0,0.0,-,0.0,0.0,-,0.0,0.0,0.0,0.0,0.0,0.0,0.0,0.0,0,0,0,0.0,0.0,0.0
Warren Wall,Free Agent,C,2,0,0,0.0,0.0,0.0,0.0,-,0.0,0.0,-,0.0,0.0,-,0.0,0.0,0.0,0.0,0.0,0.0,0.0,0.0,0,0,0,0.0,0.0,0.0
Ted Underwood,Free Agent,F,6,0,0,0.0,0.0,0.0,0.0,-,0.0,0.0,-,0.0,0.0,-,0.0,0.0,0.0,0.0,0.0,0.0,0.0,0.0,0,0,0,0.0,0.0,0.0
Travis Owens,Free Agent,C,6,0,0,0.0,0.0,0.0,0.0,-,0.0,0.0,-,0.0,0.0,-,0.0,0.0,0.0,0.0,0.0,0.0,0.0,0.0,0,0,0,0.0,0.0,0.0
Jason Simmonds,Free Agent,GF,9,0,0,0.0,0.0,0.0,0.0,-,0.0,0.0,-,0.0,0.0,-,0.0,0.0,0.0,0.0,0.0,0.0,0.0,0.0,0,0,0,0.0,0.0,0.0
Johnny Hull,Free Agent,GF,11,0,0,0.0,0.0,0.0,0.0,-,0.0,0.0,-,0.0,0.0,-,0.0,0.0,0.0,0.0,0.0,0.0,0.0,0.0,0,0,0,0.0,0.0,0.0
Samuel Sani,Free Agent,C,11,0,0,0.0,0.0,0.0,0.0,-,0.0,0.0,-,0.0,0.0,-,0.0,0.0,0.0,0.0,0.0,0.0,0.0,0.0,0,0,0,0.0,0.0,0.0
Casey Jensen,Free Agent,SG,6,0,0,0.0,0.0,0.0,0.0,-,0.0,0.0,-,0.0,0.0,-,0.0,0.0,0.0,0.0,0.0,0.0,0.0,0.0,0,0,0,0.0,0.0,0.0
Darryl Webster,Free Agent,GF,5,0,0,0.0,0.0,0.0,0.0,-,0.0,0.0,-,0.0,0.0,-,0.0,0.0,0.0,0.0,0.0,0.0,0.0,0.0,0,0,0,0.0,0.0,0.0
Floyd Ferguson,Free Agent,F,5,0,0,0.0,0.0,0.0,0.0,-,0.0,0.0,-,0.0,0.0,-,0.0,0.0,0.0,0.0,0.0,0.0,0.0,0.0,0,0,0,0.0,0.0,0.0
Daryl Schroeder,Free Agent,G,8,0,0,0.0,0.0,0.0,0.0,-,0.0,0.0,-,0.0,0.0,-,0.0,0.0,0.0,0.0,0.0,0.0,0.0,0.0,0,0,0,0.0,0.0,0.0
Horace Kirby,Free Agent,F,5,0,0,0.0,0.0,0.0,0.0,-,0.0,0.0,-,0.0,0.0,-,0.0,0.0,0.0,0.0,0.0,0.0,0.0,0.0,0,0,0,0.0,0.0,0.0
Marcus Wade,Free Agent,SG,5,0,0,0.0,0.0,0.0,0.0,-,0.0,0.0,-,0.0,0.0,-,0.0,0.0,0.0,0.0,0.0,0.0,0.0,0.0,0,0,0,0.0,0.0,0.0
Bobby Jones,Free Agent,F,9,0,0,0.0,0.0,0.0,0.0,-,0.0,0.0,-,0.0,0.0,-,0.0,0.0,0.0,0.0,0.0,0.0,0.0,0.0,0,0,0,0.0,0.0,0.0
Ben Norman,Free Agent,SF,6,0,0,0.0,0.0,0.0,0.0,-,0.0,0.0,-,0.0,0.0,-,0.0,0.0,0.0,0.0,0.0,0.0,0.0,0.0,0,0,0,0.0,0.0,0.0
Roger Long,Free Agent,C,6,0,0,0.0,0.0,0.0,0.0,-,0.0,0.0,-,0.0,0.0,-,0.0,0.0,0.0,0.0,0.0,0.0,0.0,0.0,0,0,0,0.0,0.0,0.0
Allen Owen,Free Agent,G,6,0,0,0.0,0.0,0.0,0.0,-,0.0,0.0,-,0.0,0.0,-,0.0,0.0,0.0,0.0,0.0,0.0,0.0,0.0,0,0,0,0.0,0.0,0.0
Kenny Bennet,Free Agent,F,7,0,0,0.0,0.0,0.0,0.0,-,0.0,0.0,-,0.0,0.0,-,0.0,0.0,0.0,0.0,0.0,0.0,0.0,0.0,0,0,0,0.0,0.0,0.0
Edgar Bryan,Free Agent,F,10,0,0,0.0,0.0,0.0,0.0,-,0.0,0.0,-,0.0,0.0,-,0.0,0.0,0.0,0.0,0.0,0.0,0.0,0.0,0,0,0,0.0,0.0,0.0
Trevor Bowman,Free Agent,F,6,0,0,0.0,0.0,0.0,0.0,-,0.0,0.0,-,0.0,0.0,-,0.0,0.0,0.0,0.0,0.0,0.0,0.0,0.0,0,0,0,0.0,0.0,0.0
Ross Davenport,Free Agent,PF,5,0,0,0.0,0.0,0.0,0.0,-,0.0,0.0,-,0.0,0.0,-,0.0,0.0,0.0,0.0,0.0,0.0,0.0,0.0,0,0,0,0.0,0.0,0.0
Julian Graves,Free Agent,G,5,0,0,0.0,0.0,0.0,0.0,-,0.0,0.0,-,0.0,0.0,-,0.0,0.0,0.0,0.0,0.0,0.0,0.0,0.0,0,0,0,0.0,0.0,0.0
Gerald Sparks,Free Agent,FC,6,0,0,0.0,0.0,0.0,0.0,-,0.0,0.0,-,0.0,0.0,-,0.0,0.0,0.0,0.0,0.0,0.0,0.0,0.0,0,0,0,0.0,0.0,0.0
Eddie Christian,Free Agent,PF,5,0,0,0.0,0.0,0.0,0.0,-,0.0,0.0,-,0.0,0.0,-,0.0,0.0,0.0,0.0,0.0,0.0,0.0,0.0,0,0,0,0.0,0.0,0.0
Ricky Jiggs,Free Agent,C,12,0,0,0.0,0.0,0.0,0.0,-,0.0,0.0,-,0.0,0.0,-,0.0,0.0,0.0,0.0,0.0,0.0,0.0,0.0,0,0,0,0.0,0.0,0.0
Khalil Mousa,Free Agent,G,7,0,0,0.0,0.0,0.0,0.0,-,0.0,0.0,-,0.0,0.0,-,0.0,0.0,0.0,0.0,0.0,0.0,0.0,0.0,0,0,0,0.0,0.0,0.0
Dino Davis,Free Agent,PF,8,0,0,0.0,0.0,0.0,0.0,-,0.0,0.0,-,0.0,0.0,-,0.0,0.0,0.0,0.0,0.0,0.0,0.0,0.0,0,0,0,0.0,0.0,0.0
Sani Haruna,Free Agent,GF,16,0,0,0.0,0.0,0.0,0.0,-,0.0,0.0,-,0.0,0.0,-,0.0,0.0,0.0,0.0,0.0,0.0,0.0,0.0,0,0,0,0.0,0.0,0.0
Floyd Warren,Free Agent,G,9,0,0,0.0,0.0,0.0,0.0,-,0.0,0.0,-,0.0,0.0,-,0.0,0.0,0.0,0.0,0.0,0.0,0.0,0.0,0,0,0,0.0,0.0,0.0
Ricky Williamson,Free Agent,PF,6,0,0,0.0,0.0,0.0,0.0,-,0.0,0.0,-,0.0,0.0,-,0.0,0.0,0.0,0.0,0.0,0.0,0.0,0.0,0,0,0,0.0,0.0,0.0
Philip Greer,Free Agent,FC,5,0,0,0.0,0.0,0.0,0.0,-,0.0,0.0,-,0.0,0.0,-,0.0,0.0,0.0,0.0,0.0,0.0,0.0,0.0,0,0,0,0.0,0.0,0.0
Otis Sullivan,Free Agent,GF,6,0,0,0.0,0.0,0.0,0.0,-,0.0,0.0,-,0.0,0.0,-,0.0,0.0,0.0,0.0,0.0,0.0,0.0,0.0,0,0,0,0.0,0.0,0.0
Hubert Andrews,Free Agent,F,2,0,0,0.0,0.0,0.0,0.0,-,0.0,0.0,-,0.0,0.0,-,0.0,0.0,0.0,0.0,0.0,0.0,0.0,0.0,0,0,0,0.0,0.0,0.0
Jay Garner,Free Agent,F,7,0,0,0.0,0.0,0.0,0.0,-,0.0,0.0,-,0.0,0.0,-,0.0,0.0,0.0,0.0,0.0,0.0,0.0,0.0,0,0,0,0.0,0.0,0.0
Evan Sanders,Free Agent,PF,2,0,0,0.0,0.0,0.0,0.0,-,0.0,0.0,-,0.0,0.0,-,0.0,0.0,0.0,0.0,0.0,0.0,0.0,0.0,0,0,0,0.0,0.0,0.0
Bob Perry,Free Agent,C,8,0,0,0.0,0.0,0.0,0.0,-,0.0,0.0,-,0.0,0.0,-,0.0,0.0,0.0,0.0,0.0,0.0,0.0,0.0,0,0,0,0.0,0.0,0.0
Austin Ford,Free Agent,FC,7,0,0,0.0,0.0,0.0,0.0,-,0.0,0.0,-,0.0,0.0,-,0.0,0.0,0.0,0.0,0.0,0.0,0.0,0.0,0,0,0,0.0,0.0,0.0
Alan Greene,Free Agent,PG,6,0,0,0.0,0.0,0.0,0.0,-,0.0,0.0,-,0.0,0.0,-,0.0,0.0,0.0,0.0,0.0,0.0,0.0,0.0,0,0,0,0.0,0.0,0.0
Tom Perry,Free Agent,F,8,0,0,0.0,0.0,0.0,0.0,-,0.0,0.0,-,0.0,0.0,-,0.0,0.0,0.0,0.0,0.0,0.0,0.0,0.0,0,0,0,0.0,0.0,0.0
Ian Allison,Free Agent,F,9,0,0,0.0,0.0,0.0,0.0,-,0.0,0.0,-,0.0,0.0,-,0.0,0.0,0.0,0.0,0.0,0.0,0.0,0.0,0,0,0,0.0,0.0,0.0
Huseyin Polat,Free Agent,FC,9,0,0,0.0,0.0,0.0,0.0,-,0.0,0.0,-,0.0,0.0,-,0.0,0.0,0.0,0.0,0.0,0.0,0.0,0.0,0,0,0,0.0,0.0,0.0
Monte Ice,Free Agent,G,10,0,0,0.0,0.0,0.0,0.0,-,0.0,0.0,-,0.0,0.0,-,0.0,0.0,0.0,0.0,0.0,0.0,0.0,0.0,0,0,0,0.0,0.0,0.0
Frederick Roberts,Free Agent,F,11,0,0,0.0,0.0,0.0,0.0,-,0.0,0.0,-,0.0,0.0,-,0.0,0.0,0.0,0.0,0.0,0.0,0.0,0.0,0,0,0,0.0,0.0,0.0
Brandon Billy,Free Agent,G,10,0,0,0.0,0.0,0.0,0.0,-,0.0,0.0,-,0.0,0.0,-,0.0,0.0,0.0,0.0,0.0,0.0,0.0,0.0,0,0,0,0.0,0.0,0.0
Louise Bain,Free Agent,F,7,0,0,0.0,0.0,0.0,0.0,-,0.0,0.0,-,0.0,0.0,-,0.0,0.0,0.0,0.0,0.0,0.0,0.0,0.0,0,0,0,0.0,0.0,0.0
Michael Strickland,Free Agent,C,7,0,0,0.0,0.0,0.0,0.0,-,0.0,0.0,-,0.0,0.0,-,0.0,0.0,0.0,0.0,0.0,0.0,0.0,0.0,0,0,0,0.0,0.0,0.0
Brenden Anderson,Free Agent,F,5,0,0,0.0,0.0,0.0,0.0,-,0.0,0.0,-,0.0,0.0,-,0.0,0.0,0.0,0.0,0.0,0.0,0.0,0.0,0,0,0,0.0,0.0,0.0
Fredrick Gallagher,Free Agent,C,17,0,0,0.0,0.0,0.0,0.0,-,0.0,0.0,-,0.0,0.0,-,0.0,0.0,0.0,0.0,0.0,0.0,0.0,0.0,0,0,0,0.0,0.0,0.0
Connor Coburn,Free Agent,G,7,0,0,0.0,0.0,0.0,0.0,-,0.0,0.0,-,0.0,0.0,-,0.0,0.0,0.0,0.0,0.0,0.0,0.0,0.0,0,0,0,0.0,0.0,0.0
Gilbert Hunter,Free Agent,PF,16,0,0,0.0,0.0,0.0,0.0,-,0.0,0.0,-,0.0,0.0,-,0.0,0.0,0.0,0.0,0.0,0.0,0.0,0.0,0,0,0,0.0,0.0,0.0
Sam Phelps,Free Agent,G,6,0,0,0.0,0.0,0.0,0.0,-,0.0,0.0,-,0.0,0.0,-,0.0,0.0,0.0,0.0,0.0,0.0,0.0,0.0,0,0,0,0.0,0.0,0.0
Jorden Dural,Free Agent,C,5,0,0,0.0,0.0,0.0,0.0,-,0.0,0.0,-,0.0,0.0,-,0.0,0.0,0.0,0.0,0.0,0.0,0.0,0.0,0,0,0,0.0,0.0,0.0
Casey Sherman,Free Agent,SF,11,0,0,0.0,0.0,0.0,0.0,-,0.0,0.0,-,0.0,0.0,-,0.0,0.0,0.0,0.0,0.0,0.0,0.0,0.0,0,0,0,0.0,0.0,0.0
Lawrence Weiss,Free Agent,SG,17,0,0,0.0,0.0,0.0,0.0,-,0.0,0.0,-,0.0,0.0,-,0.0,0.0,0.0,0.0,0.0,0.0,0.0,0.0,0,0,0,0.0,0.0,0.0
Luke Connolly,Free Agent,G,8,0,0,0.0,0.0,0.0,0.0,-,0.0,0.0,-,0.0,0.0,-,0.0,0.0,0.0,0.0,0.0,0.0,0.0,0.0,0,0,0,0.0,0.0,0.0
Frank Whitaker,Free Agent,PG,10,0,0,0.0,0.0,0.0,0.0,-,0.0,0.0,-,0.0,0.0,-,0.0,0.0,0.0,0.0,0.0,0.0,0.0,0.0,0,0,0,0.0,0.0,0.0
Calvin Palmer,Free Agent,GF,2,0,0,0.0,0.0,0.0,0.0,-,0.0,0.0,-,0.0,0.0,-,0.0,0.0,0.0,0.0,0.0,0.0,0.0,0.0,0,0,0,0.0,0.0,0.0
Pierre Faure,Free Agent,F,7,0,0,0.0,0.0,0.0,0.0,-,0.0,0.0,-,0.0,0.0,-,0.0,0.0,0.0,0.0,0.0,0.0,0.0,0.0,0,0,0,0.0,0.0,0.0
John Young,Free Agent,F,9,0,0,0.0,0.0,0.0,0.0,-,0.0,0.0,-,0.0,0.0,-,0.0,0.0,0.0,0.0,0.0,0.0,0.0,0.0,0,0,0,0.0,0.0,0.0
Victor Carson,Free Agent,C,15,0,0,0.0,0.0,0.0,0.0,-,0.0,0.0,-,0.0,0.0,-,0.0,0.0,0.0,0.0,0.0,0.0,0.0,0.0,0,0,0,0.0,0.0,0.0
Cory Gibbs,Free Agent,SF,11,0,0,0.0,0.0,0.0,0.0,-,0.0,0.0,-,0.0,0.0,-,0.0,0.0,0.0,0.0,0.0,0.0,0.0,0.0,0,0,0,0.0,0.0,0.0
Oscar Ferguson,Free Agent,F,7,0,0,0.0,0.0,0.0,0.0,-,0.0,0.0,-,0.0,0.0,-,0.0,0.0,0.0,0.0,0.0,0.0,0.0,0.0,0,0,0,0.0,0.0,0.0
Arnold Banks,Free Agent,G,9,0,0,0.0,0.0,0.0,0.0,-,0.0,0.0,-,0.0,0.0,-,0.0,0.0,0.0,0.0,0.0,0.0,0.0,0.0,0,0,0,0.0,0.0,0.0
Antonio Barker,Free Agent,F,7,0,0,0.0,0.0,0.0,0.0,-,0.0,0.0,-,0.0,0.0,-,0.0,0.0,0.0,0.0,0.0,0.0,0.0,0.0,0,0,0,0.0,0.0,0.0
Jeff Marsh,Free Agent,G,7,0,0,0.0,0.0,0.0,0.0,-,0.0,0.0,-,0.0,0.0,-,0.0,0.0,0.0,0.0,0.0,0.0,0.0,0.0,0,0,0,0.0,0.0,0.0
Cody Harper,Free Agent,PG,2,0,0,0.0,0.0,0.0,0.0,-,0.0,0.0,-,0.0,0.0,-,0.0,0.0,0.0,0.0,0.0,0.0,0.0,0.0,0,0,0,0.0,0.0,0.0
Jesse Wagner,Free Agent,FC,11,0,0,0.0,0.0,0.0,0.0,-,0.0,0.0,-,0.0,0.0,-,0.0,0.0,0.0,0.0,0.0,0.0,0.0,0.0,0,0,0,0.0,0.0,0.0
Benjamin Francis,Free Agent,GF,6,0,0,0.0,0.0,0.0,0.0,-,0.0,0.0,-,0.0,0.0,-,0.0,0.0,0.0,0.0,0.0,0.0,0.0,0.0,0,0,0,0.0,0.0,0.0
Christian Kirk,Free Agent,F,8,0,0,0.0,0.0,0.0,0.0,-,0.0,0.0,-,0.0,0.0,-,0.0,0.0,0.0,0.0,0.0,0.0,0.0,0.0,0,0,0,0.0,0.0,0.0
Marc Henry,Free Agent,G,9,0,0,0.0,0.0,0.0,0.0,-,0.0,0.0,-,0.0,0.0,-,0.0,0.0,0.0,0.0,0.0,0.0,0.0,0.0,0,0,0,0.0,0.0,0.0
Otis Flowers,Free Agent,FC,2,0,0,0.0,0.0,0.0,0.0,-,0.0,0.0,-,0.0,0.0,-,0.0,0.0,0.0,0.0,0.0,0.0,0.0,0.0,0,0,0,0.0,0.0,0.0
Patrick Hall,Free Agent,F,2,0,0,0.0,0.0,0.0,0.0,-,0.0,0.0,-,0.0,0.0,-,0.0,0.0,0.0,0.0,0.0,0.0,0.0,0.0,0,0,0,0.0,0.0,0.0
Dean Mullins,Free Agent,PG,5,0,0,0.0,0.0,0.0,0.0,-,0.0,0.0,-,0.0,0.0,-,0.0,0.0,0.0,0.0,0.0,0.0,0.0,0.0,0,0,0,0.0,0.0,0.0
Lance Horton,Free Agent,C,11,0,0,0.0,0.0,0.0,0.0,-,0.0,0.0,-,0.0,0.0,-,0.0,0.0,0.0,0.0,0.0,0.0,0.0,0.0,0,0,0,0.0,0.0,0.0
Roland Manning,Free Agent,PG,2,0,0,0.0,0.0,0.0,0.0,-,0.0,0.0,-,0.0,0.0,-,0.0,0.0,0.0,0.0,0.0,0.0,0.0,0.0,0,0,0,0.0,0.0,0.0
John Osborne,Free Agent,SF,2,0,0,0.0,0.0,0.0,0.0,-,0.0,0.0,-,0.0,0.0,-,0.0,0.0,0.0,0.0,0.0,0.0,0.0,0.0,0,0,0,0.0,0.0,0.0
Shawn Watts,Free Agent,F,7,0,0,0.0,0.0,0.0,0.0,-,0.0,0.0,-,0.0,0.0,-,0.0,0.0,0.0,0.0,0.0,0.0,0.0,0.0,0,0,0,0.0,0.0,0.0
Kenny Simon,Free Agent,G,9,0,0,0.0,0.0,0.0,0.0,-,0.0,0.0,-,0.0,0.0,-,0.0,0.0,0.0,0.0,0.0,0.0,0.0,0.0,0,0,0,0.0,0.0,0.0
Douglas Holt,Free Agent,FC,2,0,0,0.0,0.0,0.0,0.0,-,0.0,0.0,-,0.0,0.0,-,0.0,0.0,0.0,0.0,0.0,0.0,0.0,0.0,0,0,0,0.0,0.0,0.0
Isaac Doyle,Free Agent,GF,2,0,0,0.0,0.0,0.0,0.0,-,0.0,0.0,-,0.0,0.0,-,0.0,0.0,0.0,0.0,0.0,0.0,0.0,0.0,0,0,0,0.0,0.0,0.0
Martin Lukac,Free Agent,SF,2,0,0,0.0,0.0,0.0,0.0,-,0.0,0.0,-,0.0,0.0,-,0.0,0.0,0.0,0.0,0.0,0.0,0.0,0.0,0,0,0,0.0,0.0,0.0
Terrance Bowen,Free Agent,PG,11,0,0,0.0,0.0,0.0,0.0,-,0.0,0.0,-,0.0,0.0,-,0.0,0.0,0.0,0.0,0.0,0.0,0.0,0.0,0,0,0,0.0,0.0,0.0
Vincent Holden,Free Agent,FC,5,0,0,0.0,0.0,0.0,0.0,-,0.0,0.0,-,0.0,0.0,-,0.0,0.0,0.0,0.0,0.0,0.0,0.0,0.0,0,0,0,0.0,0.0,0.0
Dana Allen,Free Agent,F,8,0,0,0.0,0.0,0.0,0.0,-,0.0,0.0,-,0.0,0.0,-,0.0,0.0,0.0,0.0,0.0,0.0,0.0,0.0,0,0,0,0.0,0.0,0.0
Jaime Davenport,Free Agent,G,7,0,0,0.0,0.0,0.0,0.0,-,0.0,0.0,-,0.0,0.0,-,0.0,0.0,0.0,0.0,0.0,0.0,0.0,0.0,0,0,0,0.0,0.0,0.0
Steven Ross,Free Agent,GF,5,0,0,0.0,0.0,0.0,0.0,-,0.0,0.0,-,0.0,0.0,-,0.0,0.0,0.0,0.0,0.0,0.0,0.0,0.0,0,0,0,0.0,0.0,0.0
Stephen Joseph,Free Agent,F,10,0,0,0.0,0.0,0.0,0.0,-,0.0,0.0,-,0.0,0.0,-,0.0,0.0,0.0,0.0,0.0,0.0,0.0,0.0,0,0,0,0.0,0.0,0.0
Matej Kolar,Free Agent,G,10,0,0,0.0,0.0,0.0,0.0,-,0.0,0.0,-,0.0,0.0,-,0.0,0.0,0.0,0.0,0.0,0.0,0.0,0.0,0,0,0,0.0,0.0,0.0
Tyler Gill,Free Agent,FC,5,0,0,0.0,0.0,0.0,0.0,-,0.0,0.0,-,0.0,0.0,-,0.0,0.0,0.0,0.0,0.0,0.0,0.0,0.0,0,0,0,0.0,0.0,0.0
Marc Cook,Free Agent,C,16,0,0,0.0,0.0,0.0,0.0,-,0.0,0.0,-,0.0,0.0,-,0.0,0.0,0.0,0.0,0.0,0.0,0.0,0.0,0,0,0,0.0,0.0,0.0
Andre Houston,Free Agent,C,7,0,0,0.0,0.0,0.0,0.0,-,0.0,0.0,-,0.0,0.0,-,0.0,0.0,0.0,0.0,0.0,0.0,0.0,0.0,0,0,0,0.0,0.0,0.0
